"施設名称","施設所在地","施設方書","施設電話番号","施設開設日","診療科目名称","緯度","経度"
"ハチドリ鍼灸院","東京都港区赤坂一丁目1番17号","細川ビル412",,"2015/9/29","あん摩、はり、きゅう","35.670979","139.743988"
"溜池治療院","東京都港区赤坂一丁目5番15号","溜池アネックス4階","03-5572-8218","2005/4/15","あん摩、はり、きゅう","35.670637","139.743149"
"株式会社セゾン情報システムズ","東京都港区赤坂一丁目8番1号","赤坂インターシティAIR19階","03-6370-2000","2017/11/20","あん摩、はり、きゅう","35.669827","139.742197"
"スカパーＪＳＡＴ　Ｈｅａｌｉｎｇ　Ｓｐａｃｅ","東京都港区赤坂一丁目8番1号","赤坂インターシティAir12階","03-5771-7800","2018/9/10","あん摩","35.669827","139.742197"
"アクセンチュア株式会社（赤坂１丁目）","東京都港区赤坂一丁目11番44号","赤坂インターシティ13階","03-3588-3000","2005/5/9","あん摩、はり、きゅう","35.668899","139.742543"
"株式会社ワークスアプリケーションズ","東京都港区赤坂一丁目12番32号","アーク森ビル19階","03-6229-1200","2004/3/8","あん摩、はり、きゅう","35.667113","139.740135"
"あん摩・マッサージ・指圧ＦＩＥＬＤ　ＲＩＶＥＲ（フィールドリバー）","東京都港区赤坂二丁目8番2号","エクレシアヒルズ3A",,"2011/3/7","あん摩、はり、きゅう","35.671989","139.740051"
"赤坂鍼療院","東京都港区赤坂二丁目8番14号","ラミアール赤坂101","03-5809-1186","2009/9/30","はり、きゅう","35.671607","139.740115"
"虎ノ門ＳＢＭ鍼灸院","東京都港区赤坂二丁目8番14号","丸玉第3ビル601号","03-6441-0647","2018/11/8","はり、きゅう","35.671661","139.739992"
"たんぽぽ治療院","東京都港区赤坂二丁目8番14号","ラミアール赤坂605","03-5563-1210","2002/6/17","あん摩、はり、きゅう","35.671607","139.740115"
"あかさか二丁目鍼灸院","東京都港区赤坂二丁目8番15号","オリエントニュー赤坂101","03-5575-7775","2015/4/21","はり、きゅう","35.671762","139.739876"
"赤坂リバース鍼灸マッサージ院","東京都港区赤坂二丁目12番9号","中村ビル2階","0120-980-572","2010/12/12","あん摩、はり、きゅう","35.671181","139.740326"
"青木治療室","東京都港区赤坂二丁目12番20号","ディアシティ赤坂東館306","03-5562-0221","1998/7/1","あん摩","35.67065","139.740814"
"田中喜美子指圧所","東京都港区赤坂二丁目13番8号","赤坂ロイヤルプラザ404","03-3584-1297","1993/9/10","あん摩","35.672152","139.738658"
"山王鍼灸","東京都港区赤坂二丁目13番8号","ロイヤルプラザ509","03-3583-8088","1982/10/15","はり、きゅう、あん摩","35.672152","139.738658"
"赤坂ＮＥＰ‘Ｓ鍼灸・マッサージ院","東京都港区赤坂二丁目14番33号","栄屋清水ビル301","03-3587-2146","2010/10/1","あん摩、はり、きゅう","35.672798","139.73772"
"株式会社スパイク・チュンソフト　リフレッシュルーム","東京都港区赤坂二丁目17番7号","赤坂溜池タワー5階","03-5575-5670","2013/1/15","あん摩","35.671253","139.739334"
"篠原鍼灸院","東京都港区赤坂二丁目17番52号","グランドメゾン赤坂202","03-3586-8528","2002/8/10","あん摩、はり、きゅう","35.670069","139.738159"
"赤坂なかよし治療院","東京都港区赤坂二丁目17番58号","赤坂福住ビル3階","03-5561-0531","2015/4/6","はり、きゅう、あん摩","35.670576","139.737774"
"聖真堂指圧マッサージ","東京都港区赤坂二丁目17番69号","ムトウコーポ305","03-3588-0781","1998/10/28","あん摩","35.672344","139.739015"
"健康家族　溜池鍼灸院　本院","東京都港区赤坂二丁目19番8‐102号",,"03-5570-7055","2016/11/1","はり、きゅう、あん摩","35.668388","139.739844"
"しん灸　越前谷","東京都港区赤坂二丁目20番16号","第3村嶋ビル1階","050-1474-5383","2018/9/13","はり、きゅう","35.669031","139.738812"
"赤坂針灸院","東京都港区赤坂三丁目6番11号","第100東京ビル5階","03-3505-2716","2009/5/13","あん摩、はり、きゅう","35.673344","139.738373"
"赤坂島田整骨院","東京都港区赤坂三丁目10番5号","赤坂クインビル5階","03-3583-1996","1978/9/25","はり、きゅう","35.675956","139.736921"
"タチバナ治療室","東京都港区赤坂三丁目11番14号","ベルゴ豊栄411","03-3583-1220","1982/3/1","あん摩","35.674637","139.737273"
"グローバル治療院赤坂マッサージ＆鍼灸","東京都港区赤坂三丁目12番22号","竹下ビル1階","03-5575-3939","2013/4/8","あん摩、はり、きゅう","35.674236","139.73764"
"鍼灸サロンＢＯＤＹＦＩＴスポーツ","東京都港区赤坂三丁目13番3号","みすじ313ビル2階","03-6277-8219","2018/6/5","はり、きゅう","35.673375","139.73764"
"Ｗ（ダブリュー）鍼灸所","東京都港区赤坂三丁目13番6号","国際天野ビル6階","03-5575-3433","2011/8/8","はり、きゅう","35.673069","139.73768"
"リンドウー治療院赤坂一ツ木通り店","東京都港区赤坂三丁目15番9号","萬屋ビル3階","03-6459-1483","2016/4/11","あん摩、はり、きゅう","35.674415","139.736565"
"赤坂てんほうスポーツ治療院","東京都港区赤坂三丁目16番5号","ユタカ産業ビル503","03-5545-5267","2011/5/18","あん摩、はり、きゅう","35.674794","139.736662"
"赤坂てんほうスポーツ治療院","東京都港区赤坂三丁目16番5号","ユタカ産業ビル503","03-5545-5267","2020/5/27","はり、きゅう","35.674794","139.736662"
"米澤鍼治療院","東京都港区赤坂三丁目16番5号","ユタカ産業ビル503","03-6277-8363","2008/10/1","はり","35.674794","139.736662"
"エフ、イー・エムサウナ","東京都港区赤坂三丁目16番11号",,"03-3505-4381","2007/1/1","あん摩","35.67569","139.73533"
"鍼灸マッサージ治療院グリュック","東京都港区赤坂三丁目21番5号","三銀ビル106","03-6441-0057","2017/3/27","あん摩、はり、きゅう","35.676791","139.735964"
"ＨＡＬＩＩ　ＴＯＫＹＯ","東京都港区赤坂三丁目21番10号","青明会館3F-B",,"2021/1/10","あん摩、きゅう、はり","35.676436","139.735884"
"赤坂テイクキュア治療院","東京都港区赤坂三丁目21番12号","スリーリバースビル地下1階","03-3586-4588","2007/8/1","あん摩、はり、きゅう","35.676401","139.735774"
"はりきゅうマッサージグローバル治療院赤坂一ツ木通","東京都港区赤坂四丁目1番3号","伊藤ビル1F","03-3568-4600","2021/3/1","あん摩、はり、きゅう","35.669488","139.732537"
"赤坂ＣＵＲＡ（クーラ）鍼灸治療院","東京都港区赤坂四丁目3番4号","アソルティー赤坂一ツ木ST3階","03-5575-2370","2012/6/4","はり、きゅう","35.674637","139.736114"
"クレールドフォンテーヌ赤坂指圧室","東京都港区赤坂四丁目3番5号",,"03-3583-6554","1987/7/18","あん摩","35.674715","139.735884"
"鍼灸指圧院　癒我","東京都港区赤坂四丁目3番9号","赤坂藤マンション203",,"2017/5/1","あん摩、はり、きゅう","35.674213","139.735884"
"ＣＯＣＯＫＡＲＡ","東京都港区赤坂四丁目5番21号","バルミー赤坂207","03-6419-7565","2021/6/1","あん摩、はり、きゅう","35.674739","139.734751"
"乾坤治療院","東京都港区赤坂四丁目8番19号","赤坂表町ビル506","03-3405-1130","2001/1/10","あん摩","35.676193","139.733848"
"赤坂龍王針灸指圧治療院","東京都港区赤坂四丁目10番23号","ニュー富士屋ビル2階","03-3587-0796","2008/12/18","あん摩、はり、きゅう","35.673556","139.732372"
"下村鍼療所","東京都港区赤坂四丁目11番9号",,"03-3586-3690","1991/5/15","あん摩、はり、きゅう","35.673565","139.733602"
"はんなり鍼灸院","東京都港区赤坂五丁目1番5号","管野ビル4階","03-6277-7520","2016/8/29","はり、きゅう","35.673943","139.736727"
"（有）美木治療所","東京都港区赤坂五丁目1番36号",,"03-3583-2830","1970/6/1","あん摩、はり、きゅう","35.673974","139.736153"
"マイカイ鍼灸サロン","東京都港区赤坂五丁目1番36号",,"03-6824-4044","2023/3/7","はり、きゅう","35.673974","139.736153"
"パナケア赤坂院　鍼灸指圧マッサージ","東京都港区赤坂五丁目1番38号","東商ビル2階","03-6459-1533","2013/11/1","あん摩、はり、きゅう","35.674242","139.736293"
"安達治療室","東京都港区赤坂五丁目2番10号","グリーンパーク赤坂2812",,"2022/1/1","あん摩、はり、きゅう","35.672051","139.733249"
"株式会社博報堂ＤＹアイ・オー","東京都港区赤坂五丁目2番20号","赤坂パークビル3階","03-5656-5731","2020/1/28","あん摩","35.671857","139.733682"
"株式会社博報堂ＤＹアイ・オー","東京都港区赤坂五丁目3番1号","赤坂Bizタワー4階","03-6441-6821","2008/5/15","あん摩","35.673175","139.736359"
"ＡＲＣ　Ｌａｂｏ鍼灸院","東京都港区赤坂五丁目4番8号","クレールタイヨービル601","03-6441-2587","2021/11/1","はり、きゅう、あん摩","35.671918","139.735774"
"美馬鍼灸Ｌａｂｏ","東京都港区赤坂五丁目5番8号","赤坂ファイブビル3階","03-5544-8016","2015/8/1","はり、きゅう","35.670780","139.734503"
"ファインズスポーツマッサージ鍼灸治療院","東京都港区赤坂五丁目5番9号","赤坂スバルビル301","03-6441-3110","2015/12/25","あん摩、はり、きゅう","35.670733","139.734454"
"ＰＡＲＫ　健康　ＳＡＬＯＮ","東京都港区赤坂六丁目3番8号","ダイアパレス赤坂311",,"2021/4/20","あん摩","35.671077","139.735717"
"鶴立治療院","東京都港区赤坂六丁目3番15号","J-AKASAKA503","03-3560-5588","2018/6/11","きゅう、はり","35.670992","139.73529"
"Ｒｅ－ｐｌｕｓ","東京都港区赤坂六丁目4番18号","プリンストン赤坂902",,"2023/3/5","あん摩、はり、きゅう","35.670473","139.734607"
"鍼灸院Ｒｅｖｉｖｅ","東京都港区赤坂六丁目4番18号","プリンストン赤坂602号室",,"2022/6/11","あん摩、はり、きゅう","35.670473","139.734607"
"赤坂山王鍼灸院","東京都港区赤坂六丁目4番18号","プリンストン赤坂605","03-3505-2237","2002/10/28","はり、きゅう","35.670473","139.734607"
"鍼灸康堂","東京都港区赤坂六丁目4番20号","802","03-3585-4189","2013/6/4","あん摩、はり、きゅう","35.670619","139.734816"
"中村鍼灸療養研究所","東京都港区赤坂六丁目4番20号","赤坂ヴィラージュ701","03-6277-6689","2011/7/31","はり、きゅう","35.670619","139.734816"
"ＰｒｉｍｅＢｅａｕｔｙ鍼灸院","東京都港区赤坂六丁目6番4号","いづみマンション602",,"2021/9/4","はり、きゅう","35.670410","139.737545"
"赤坂鍼灸　４‐ｌｅａｖｅｓ","東京都港区赤坂六丁目6番19号","メゾン・ド・ヴィレ赤坂502","03-5797-7817","2015/10/15","はり、きゅう","35.669573","139.737066"
"指圧処匠～三代目～","東京都港区赤坂六丁目12番9号","氷川台ハイツ102","03-3568-2853","2013/6/4","あん摩","35.669256","139.734168"
"スミダ治療室","東京都港区赤坂六丁目16番15号","木村荘201",,"2021/6/1","はり、きゅう","35.668812","139.732970"
"佐藤鍼灸院","東京都港区赤坂六丁目19番40号","秀和赤坂レジデンス801","03-3582-9013","2000/5/29","あん摩、はり、きゅう","35.667207","139.733529"
"神谷鍼灸院","東京都港区赤坂六丁目19番50号","パシフィックレジデンス赤坂檜町","03-5545-1535","2006/4/17","あん摩、はり、きゅう","35.668069","139.73331"
"治療室ＳＯＲＡ","東京都港区赤坂七丁目4番6号",,"03-3584-4163","2005/10/25","あん摩、はり、きゅう","35.671834","139.729462"
"ＨÈＢÈはり治療院","東京都港区赤坂七丁目5番15号","From 1st AKASAKA106号室","090-5440-4909","2020/4/5","はり","35.671937","139.730304"
"赤坂山王鍼灸治療院","東京都港区赤坂七丁目5番34号","インペリアル赤坂フォーラム1階","03-3588-8588","2014/2/18","あん摩、はり、きゅう","35.671156","139.730276"
"澤野鍼灸サロン","東京都港区赤坂七丁目5番34号","インペリアル赤坂フォラム218",,"2017/5/11","あん摩、はり、きゅう","35.671156","139.730276"
"株式会社オムニバス・ジャパン","東京都港区赤坂七丁目9番11号",,"03-6229-0606","2004/5/11","あん摩","35.670153","139.732626"
"吉岡壮快指圧治療院","東京都港区赤坂七丁目10番6号","ストークビル赤阪402","03-3224-1770","1997/6/16","あん摩、はり、きゅう","35.6697","139.732771"
"華鍼灸治療院","東京都港区赤坂七丁目10番8号","4階",,"2021/1/26","はり、きゅう","35.669538","139.73257"
"ユナイテッドアローズ　マッサージ室","東京都港区赤坂八丁目1番19号","日本生命赤坂第一ビル地下2階","03-5785-6330","2015/4/6","あん摩","35.673337","139.727105"
"アクセンチュア株式会社（赤坂８丁目）","東京都港区赤坂八丁目5番26号","赤坂DSビル西館3階","03-3588-3000","2005/5/9","あん摩、はり、きゅう","35.67103","139.726794"
"はりきゅう治療室Ｆｒｅｅｒａｎｃｅ（フリーランス）","東京都港区赤坂八丁目6番27号","スカイプラザ401",,"2014/8/25","はり、きゅう","35.671402","139.727762"
"月岡鍼灸院","東京都港区赤坂八丁目6番27号","スカイプラザ赤阪101","03-6438-9750","2012/11/21","あん摩、はり、きゅう","35.671402","139.727762"
"鍼灸南治療院","東京都港区赤坂八丁目12番28号","パレス赤坂603","03-3401-9764","2014/3/12","あん摩、はり、きゅう","35.668815","139.729945"
"あん摩マッサージ・はり・きゅうびぃなす治療院","東京都港区赤坂九丁目1番7号","赤坂レジデンシャルホテル412","03-6434-0207","2022/1/14","あん摩、はり、きゅう","35.668055","139.732763"
"仁慈洞鍼灸療院","東京都港区赤坂九丁目1番25号",,"03-3401-8726","2006/8/11","あん摩、はり、きゅう","35.668743","139.731678"
"ＮＢＨ鍼灸院","東京都港区赤坂九丁目5番12号","パークサイドシックスC棟1階","03-3470-5551","2017/10/23","あん摩、はり、きゅう","35.667463","139.729698"
"おと鍼灸室","東京都港区赤坂九丁目6番27号","カーム乃木坂503","03-6434-0660","2022/11/19","はり、きゅう","35.666388","139.728545"
"からだメンテナンス研究所","東京都港区赤坂九丁目6番27号","カーム乃木坂903号室","03-5726-9895","2021/11/1","あん摩","35.666388","139.728545"
"ヘリオス鍼灸堂","東京都港区赤坂九丁目6番27号","カーム乃木坂1003","03-3403-3272","1987/3/3","はり、きゅう","35.666388","139.728545"
"アイサポートはり・きゅう治療院","東京都港区赤坂九丁目6番39号","パシフィックタワー乃木坂1503","03-3403-2157","2004/11/1","はり、きゅう","35.667624","139.727586"
"シスコリラクゼーションルーム","東京都港区赤坂九丁目7番1号","ミッドタウン・タワー25階","03-6434-6500","2012/7/30","あん摩","35.666126","139.731247"
"ステート・ストリート信託銀行株式会社マッサージ・ルーム","東京都港区赤坂九丁目7番1号","ミッドタウンタワー39階","03-4530-7200","2011/6/1","あん摩","35.666126","139.731247"
"インフォコム株式会社　健康支援ルーム","東京都港区赤坂九丁目7番2号","東京ミッドタウンイースト10F健康支援ルーム","03-6866-3190","2021/11/15","あん摩","35.665980","139.730875"
"鍼灸サロンｂｅｆｅｅｌ麻布十番","東京都港区麻布十番一丁目2番8号","麻布髙野ビル6F","03-3568-8672","2023/1/4","はり、きゅう、あん摩","35.656592","139.736566"
"ＩＫＥＨＡＴＡはりきゅう治療院","東京都港区麻布十番一丁目2番9号","901号室(新一の橋ハイツ)",,"2022/1/28","はり、きゅう","35.656632","139.736486"
"はり灸マッサージ麻布十番治療院","東京都港区麻布十番一丁目2番9号","新一の橋ハイツ201","03-3588-0011","1997/8/22","あん摩、はり、きゅう","35.656632","139.736486"
"ＮＯＢＵ（のぶ）鍼灸治療院","東京都港区麻布十番一丁目3番5号","クレイン麻布202","03-5545-5216","2010/3/16","あん摩、はり、きゅう","35.656894","139.736163"
"ＭＡＫＥ　ＢＯＤＹ　ＬＡＢ　鍼灸","東京都港区麻布十番一丁目3番7号","ベルレイン麻布602号室","03-4405-3477","2018/5/24","あん摩、はり、きゅう","35.656748","139.736024"
"鍼灸ＢｏｄｙＣａｒｅ和美躰","東京都港区麻布十番一丁目3番7号","ベルレイン麻布702","03-5797-7470","2016/6/5","あん摩、はり、きゅう","35.656748","139.736024"
"Ｋ　ＳＰＯＲＴＳＭＡＳＳＡＧＥ","東京都港区麻布十番一丁目4番8号","マドモアゼルビル703","03-6441-0278","2018/5/22","あん摩、はり、きゅう","35.657019","139.734687"
"ハリックマ","東京都港区麻布十番一丁目4番8号","マドモワゼルビル403号",,"2022/8/1","はり、きゅう","35.657019","139.734687"
"伝統鍼灸　十番堂","東京都港区麻布十番一丁目5番11号","波田野ビル302",,"2021/4/1","あん摩、はり、きゅう","35.656806","139.733763"
"鍼美ｓａｌｏｎゑまひ～ＥＭＡＩ～","東京都港区麻布十番一丁目5番11‐202号",,"03-6204-9637","2016/7/1","あん摩、はり、きゅう","35.656810","139.733768"
"指圧マッサージ安陪治療院","東京都港区麻布十番一丁目5番12号","麻布永谷マンション1103","03-3423-4477","2018/12/7","あん摩、はり、きゅう","35.656770","139.733888"
"Ｓｈｉｇｏｋｕ鍼灸マッサージ院","東京都港区麻布十番一丁目5番19号","ラトリエ・メモワールビル5階","03-6721-0063","2020/5/25","あん摩、はり、きゅう","35.656613","139.733699"
"鍼灸サロン　はにかむ","東京都港区麻布十番一丁目5番24号","第3長門ビル202","03-6447-5900","2021/10/1","はり、きゅう","35.657099","139.733010"
"サムズアップ鍼灸マッサージ院","東京都港区麻布十番一丁目5番24号","202","03-4405-8018","2015/5/13","あん摩、はり、きゅう","35.657099","139.733010"
"ゆめや鍼灸マッサージ治療院","東京都港区麻布十番一丁目5番24号","第三長門ビル201","03-6434-7838","2015/5/1","あん摩、はり、きゅう","35.657099","139.733010"
"マッサージ治療院３０３","東京都港区麻布十番一丁目5番25号","麻布十番ハイツ303","090-5529-8400","2017/7/6","あん摩、はり、きゅう","35.657175","139.732930"
"関墨荘堂鍼灸治療院","東京都港区麻布十番一丁目7番8号","宮下ビル503","03-6325-4282","2008/9/17","あん摩、はり、きゅう","35.656219","139.734931"
"グローバル治療院　麻布十番店（鍼灸・マッサージ）","東京都港区麻布十番一丁目8番10号","麻布十番TSビル6階","03-5573-4033","2010/4/14","あん摩、はり、きゅう","35.655959","139.735522"
"ソレイユ麻布治療院","東京都港区麻布十番一丁目8番11号","TAKADEN麻布十番6階","03-3345-5151","2019/12/6","あん摩、はり、きゅう","35.656016","139.735405"
"セイビア鍼灸院","東京都港区麻布十番一丁目10番3号","モンテプラザ麻布705号","03-3568-4312","2022/8/25","はり、きゅう、あん摩","35.656191","139.736423"
"麻布ハリーク","東京都港区麻布十番一丁目10番3号","モンテプラザ301","03-3588-1328","2013/5/7","はり、きゅう","35.656191","139.736423"
"五禽堂関根鍼灸治療院","東京都港区麻布十番一丁目10番14号",,"03-3583-7536","2008/6/10","あん摩、はり、きゅう","35.656132","139.736119"
"銀座ハリッチ麻布十番院","東京都港区麻布十番一丁目11番7号","カニエビル4階","03-5524-0589","2019/6/9","はり、きゅう","35.655780","139.736852"
"治療院アジアート","東京都港区麻布十番二丁目4番5号","西脇ビル4階","03-5484-1429","2015/9/1","あん摩、はり、きゅう","35.655948","139.734677"
"鍼灸サロンＢＥＬＬＥ麻布十番","東京都港区麻布十番二丁目5番11号","麻布メゾン701","03-6227-0825","2022/6/20","あん摩、はり、きゅう","35.656214","139.733317"
"Ｃｕｒｅ　Ｂｏｄｙ（キュアボディ）鍼灸治療院","東京都港区麻布十番二丁目7番5号","イプセ麻布十番204","03-3455-8394","2009/6/5","はり、きゅう","35.655720","139.733687"
"麻布十番七面坂鍼灸院","東京都港区麻布十番二丁目8番2号",,"03-6676-1151","2016/9/12","はり、きゅう","35.655770","139.734076"
"やまと鍼灸院","東京都港区麻布十番二丁目8番8号","麻布十番ミレニアムタワー401号","03-6722-6166","2021/1/12","はり、きゅう","35.655329","139.734766"
"ＭＡｉＡＭ鍼灸院","東京都港区麻布十番二丁目10番1号","カスタリア麻布十番304号室",,"2020/10/27","はり、きゅう","35.654548","139.734417"
"麻布ネップス鍼灸マッサージ院","東京都港区麻布十番二丁目11番3号","ドエル麻布101","03-6275-1630","2022/2/1","あん摩、はり、きゅう","35.654157","139.734527"
"ユクル（鍼灸院）","東京都港区麻布十番二丁目13番5号","COCOSPACE麻布十番302",,"2021/2/24","あん摩、はり、きゅう","35.654664","139.735166"
"じゅうばん鍼灸院","東京都港区麻布十番二丁目16番6号",,"03-5232-1010","2010/2/1","あん摩、はり、きゅう","35.653978","139.735622"
"ちもと鍼灸院","東京都港区麻布十番二丁目18番8号","ABAアサミビル3階","03-6441-0704","2017/9/5","はり、きゅう","35.654248","139.735894"
"ＥＮＳＰＡ（エンスパ）","東京都港区麻布十番二丁目19番1号","オフィスエイトビル5階","03-6435-2238","2017/6/28","はり","35.655065","139.736054"
"はり灸マッサージ鈴木治療院","東京都港区麻布十番二丁目20番12号","オリエント麻布203","03-3454-5678","1997/6/24","あん摩、はり、きゅう","35.654870","139.736483"
"劉針灸院","東京都港区麻布十番三丁目1番5号","204","03-3452-8989","2011/12/7","はり、きゅう","35.653191","139.736434"
"スペシャル腕","東京都港区麻布十番三丁目2番7号","リゾーム麻布十番201","03-3452-1910","2014/4/2","はり、きゅう","35.653147","139.736124"
"respirer（レスピレ鍼灸院）","東京都港区麻布十番三丁目5番13‐701号",,"03-6809-5133","2023/3/1","あん摩、はり、きゅう","35.653139","139.735138"
"はぐくみ堂鍼灸院","東京都港区麻布十番三丁目7番5号","Decimo麻布402",,"2021/12/1","はり、きゅう","35.653524","139.735006"
"鍼灸・マッサージサロン麻布Ｃｏｍｏｒｉ","東京都港区麻布十番三丁目7番5号","decimo AZABU 302","03-6453-8399","2015/1/10","あん摩、はり、きゅう","35.653524","139.735006"
"Ｂｏｎｈｅｕｒ　ｆａｃｔｏｒ（鍼灸）","東京都港区麻布十番三丁目7番5号","decimo AZABU701","03-6883-6129","2023/1/1","はり、きゅう","35.653524","139.735006"
"Ｓｃｈｉｌｆ","東京都港区麻布十番三丁目7番11号","シャトーデスポワール麻布303",,"2021/9/16","あん摩、はり、きゅう","35.653587","139.734806"
"嶋田治療院","東京都港区麻布十番四丁目4番1号","ツイン一の橋2号棟2075","03-5476-5283","2000/2/22","あん摩、はり、きゅう","35.653677","139.737138"
"ＬＯＯＰＬＥ（ループル）鍼灸マッサージ院","東京都港区麻布十番四丁目6番8号","二進ビル5階","03-6435-0613","2013/12/1","あん摩、はり、きゅう","35.653127","139.736949"
"エスブランド（鍼灸院）","東京都港区麻布十番四丁目6番8号","麻布十番アクティブビル2階","03-3453-7507","2020/11/16","あん摩、はり、きゅう","35.653070","139.736972"
"ＬＯＯＰＬＥ（ループル）鍼灸マッサージ院ＡＮＮＥＸ","東京都港区麻布十番四丁目6番8号","二進ビル6階","03-6435-0613","2022/9/1","あん摩、はり、きゅう","35.653127","139.736949"
"山田スポーツマッサージクリニック","東京都港区麻布台一丁目1番20号","麻布台ユニハウス307","03-3586-8447","1988/3/1","あん摩","35.657198","139.727982"
"マッサージルーム（ヘルスキーパー）","東京都港区麻布台二丁目4番5号","メソニック38MTビル2階","03-6809-1128","2020/1/30","あん摩","35.659141","139.744047"
"マッサージルーム（ヘルスキーパー）","東京都港区麻布台二丁目4番5号","メソニック39MTビル11階",,"2017/3/13","あん摩","35.659120","139.743451"
"梨紗施術所","東京都港区麻布狸穴町59番地","グランドメゾン狸穴301","03-3583-0361","2005/5/6","あん摩、はり、きゅう","35.659137","139.739297"
"グリーンヒルズスパマッサージ室","東京都港区愛宕二丁目3番1号","フォレストタワー42階","03-3437-5062","2001/12/12","あん摩、はり","35.663424","139.748999"
"株式会社エボラブルアジア","東京都港区愛宕二丁目5番1号","愛宕グリーンヒルズMORIタワー19F","03-3431-6191","2018/6/11","あん摩、はり、きゅう","35.662142","139.748881"
"シンプレクス株式会社リラクゼーションルーム","東京都港区愛宕二丁目5番1号","愛宕グリーンヒルズMORIタワー21階","03-3539-7370","2019/4/8","あん摩","35.662142","139.748881"
"株式会社ダイフク　マッサージルーム","東京都港区海岸一丁目2番3号","汐留芝離宮ビルディング15階","03-6721-3501","2019/7/1","あん摩","35.656996","139.758739"
"プリーズはり・きゅう院","東京都港区海岸一丁目2番3号","汐留芝離宮ビルディング104","03-3578-8886","2019/8/6","はり、きゅう","35.656996","139.758739"
"ソフトバンクグループ　竹芝マッサージルーム","東京都港区海岸一丁目7番1号","東京ポートシティ竹芝オフィスタワー28階","03-6854-2615","2021/3/1","あん摩","35.655311","139.7604"
"株式会社富士通総研リラクゼーションルーム","東京都港区海岸一丁目16番1号","ニューピア竹芝サウスタワー11階","03-5401-8391","2007/10/1","あん摩","35.653403","139.762589"
"（株）オンワード樫山マッサージルーム","東京都港区海岸三丁目4番29号","（株）オンワード樫山芝浦第4ビル","03-3455-3111","1991/12/1","あん摩","35.6409616","139.7552372"
"株式会社オンワード樫山　健康管理室","東京都港区海岸三丁目11番6号",,"03-5476-5201","2004/7/1","あん摩","35.639743","139.755791"
"ＡＭＪリラクゼーションルーム","東京都港区海岸三丁目20番20号","ヨコソーレインボータワー8階","03-6812-6800","2014/3/10","あん摩","35.640025","139.756503"
"株式会社ベンチャーバンクホールディングス","東京都港区北青山一丁目2番3号","青山ビル","03-6316-4617","2021/2/22","あん摩","35.672979","139.723104"
"リラクセーションルーム","東京都港区北青山一丁目2番3号","青山ビル11階","03-6386-0197","2019/10/1","あん摩","35.672979","139.723104"
"日本オラクル株式会社マッサージルーム","東京都港区北青山二丁目5番8号","オラクル青山センター11階","03-6834-6666","2008/9/1","あん摩","35.671192","139.718664"
"Ｌｉｕ・ハリ・マッサージ","東京都港区北青山二丁目5番8号","青山OM-SQUARE地下1階","03-6902-2815","2008/8/11","あん摩、はり、きゅう","35.671192","139.718664"
"ヴィヴィール鍼灸院","東京都港区北青山二丁目7番13号","プラセオ青山地下2階","03-3746-1281","2007/11/8","あん摩、はり、きゅう","35.670967","139.717865"
"ウチイケ鍼灸院","東京都港区北青山二丁目7番13号","ウラクプラセオアオヤマビルB2","03-5411-0115","1992/11/10","あん摩、はり、きゅう","35.670967","139.717865"
"エイチスリー鍼灸院","東京都港区北青山二丁目7番17号","鈴越ビル3階","03-3796-2244","2018/12/26","あん摩、はり、きゅう","35.670489","139.717157"
"メジャー・トレーナーズ　マッサージ治療院","東京都港区北青山二丁目7番28号","NAビル9階","03-3478-1007","2020/12/21","あん摩、はり","35.671815","139.717059"
"東急スポーツオアシス青山","東京都港区北青山二丁目8番44号","TEPIA","03-5770-6110","2000/3/6","あん摩","35.673069","139.716908"
"ＭＥＧＵＲＵ鍼灸院","東京都港区北青山二丁目9番13号","斎藤ビル201","03-6271-5800","2021/10/8","はり、きゅう","35.671249","139.716529"
"Ｋｊ北青山治療院","東京都港区北青山二丁目10番18号","Gフラット北青山203号","03-3478-9779","2015/7/1","あん摩、はり、きゅう","35.671586","139.715845"
"山下治療院","東京都港区北青山二丁目11番10号","ダイヤモンドマンション2-B","03-5772-7705","2002/9/3","あん摩、はり、きゅう","35.671191","139.714698"
"はりきゅうメリディアンケアサロンＲｕｙｉ","東京都港区北青山二丁目12番8号","シーフォルム外苑前601",,"2021/4/18","きゅう、はり","35.670971","139.715897"
"レフア青山","東京都港区北青山二丁目12番27号","デュール青山3階","03-6459-2772","2009/7/15","あん摩、はり、きゅう","35.669710","139.715390"
"アンジェリカ治療院","東京都港区北青山三丁目1番6号","316青山407号室","03-6275-1505","2020/12/21","あん摩、はり、きゅう","35.669110","139.714773"
"北青山はり灸院","東京都港区北青山三丁目3番7号","第一青山ビル2階","03-3479-0802","2015/3/1","はり、きゅう","35.668363","139.714833"
"青山３丁目はり灸院","東京都港区北青山三丁目3番7号","第一青山ビル2階","03-6434-5343","2015/12/1","はり、きゅう","35.668363","139.714833"
"太絡堂鍼灸院","東京都港区北青山三丁目4番18号",,"03-3408-8677","1992/2/8","はり、きゅう","35.668810","139.713720"
"東京カイロプラテック","東京都港区北青山三丁目5番9号",,"03-3478-2713","1969/7/28","あん摩","35.666965","139.713786"
"ＰＯＬＬＵＸ鍼灸院","東京都港区北青山三丁目5番9号","中央珈琲本社ビル5階","03-6455-4057","2019/1/23","あん摩、はり、きゅう","35.666965","139.713786"
"エイチスリー鍼灸院　表参道院","東京都港区北青山三丁目6番20号","青山T&Eビル7階","03-3499-2111","2015/5/13","あん摩、はり、きゅう","35.664342","139.711414"
"ハリジェンヌ　カンヌ","東京都港区北青山三丁目6番20号","KFIビル4階","03-6427-3014","2015/8/8","はり、きゅう","35.664410","139.711462"
"ハリジェンヌ　エッフェル","東京都港区北青山三丁目6番20号","KFIビル9階","03-6427-3070","2014/7/2","はり、きゅう","35.664410","139.711462"
"ハリジェンヌ","東京都港区北青山三丁目6番20号","KFIビル5階","03-6427-2681","2012/8/8","はり、きゅう","35.664410","139.711462"
"ザックプリム","東京都港区北青山三丁目6番23号","青山ダイハンビル6階","03-5468-5882","2009/7/20","はり","35.664404","139.711256"
"ラヤナ表参道鍼灸院","東京都港区北青山三丁目8番7号","樹下庵3号室","070-5572-5489","2017/11/1","はり、きゅう","35.665271","139.710683"
"レスパス　ヨンカ　表参道","東京都港区北青山三丁目9番8号","YON-KAビル","03-5469-3447","2015/7/1","はり、きゅう","35.664532","139.709944"
"Ｐｈｙｓｉｃａｌ　Ａｒｃｈｉｔｅｃｔ　（フィジカルアーキテクト）","東京都港区北青山三丁目12番7号","秋月ビル502","03-6874-4211","2018/1/29","はり、きゅう","35.663346","139.710510"
"株式会社Ｍａｒｉ鍼灸Ｓａｌｏｎ","東京都港区北青山三丁目12番7号","カプリース青山907",,"2018/3/1","はり、きゅう","35.663371","139.710305"
"表参道鍼灸院Ｋ","東京都港区北青山三丁目12番7号","カプリース青山504","03-6778-0995","2020/2/6","はり、きゅう","35.663371","139.710305"
"サトリエ治療室","東京都港区北青山三丁目12番7号","カプリース青山701","03-6427-5447","2021/12/26","あん摩、はり、きゅう","35.663371","139.710305"
"銀座ハリッチ　表参道店","東京都港区北青山三丁目12番7号","カプリース青山201号室","03-6450-5302","2017/7/17","あん摩、はり、きゅう","35.663371","139.710305"
"とまり木鍼灸マッサージ院　北青山院","東京都港区北青山三丁目12番7号","秋月ビル605","03-3797-3897","2017/5/29","あん摩、はり、きゅう","35.663346","139.710510"
"銀座ハリッチ　表参道２号店","東京都港区北青山三丁目12番7号","カプリース青山202号室","03-6450-5302","2017/11/7","あん摩、はり、きゅう","35.663371","139.710305"
"ニューフェイスコスメティック","東京都港区北青山三丁目12番7号","カプリース青山407","080-7958-4683","2022/6/23","はり、きゅう","35.663371","139.710305"
"柳鍼灸院","東京都港区北青山三丁目12番7号","1102",,"2014/6/24","はり、きゅう","35.663379","139.710300"
"Ｋａｚｕ　Ｗａｔａｎａｂｅ－和－治療院","東京都港区北青山三丁目12番7号","カプリース青山401号室",,"2020/2/15","あん摩、はり、きゅう","35.663371","139.710305"
"Ｈａｔａｋｉ　鍼灸院","東京都港区北青山三丁目15番13号","秀和北青山レジデンス407","03-6897-2008","2021/5/25","はり、きゅう","35.664208","139.709056"
"リラクゼーションルーム","東京都港区港南一丁目2番70号","品川シーズンテラス8階","03-6720-7559","2016/7/25","あん摩","35.632491","139.743066"
"マースジャパンリミテッド　マッサージルーム","東京都港区港南一丁目2番70号","品川シーズンテラス7階 マースジャパンリミテッド内マッサージルーム(会議室)",,"2022/5/9","あん摩","35.632491","139.743066"
"日本テキサス・インスツルメンツ合同会社　マッサージルーム","東京都港区港南一丁目2番70号","品川シーズンテラス31F マッサージルーム","03-4331-2000","2022/2/14","あん摩","35.632491","139.743066"
"日本メドトロニックリラクゼーションルーム","東京都港区港南一丁目2番70号","品川シーズンテラス21階","03-6774-4611","2016/4/1","あん摩、はり、きゅう","35.632491","139.743066"
"富士通システムズ・アクト品川ヘルスキーピングルーム","東京都港区港南一丁目2番70号","品川シーズンテラス30階","03-6712-3700","2015/5/7","あん摩","35.632491","139.743066"
"ＳＣＥマッサージルーム","東京都港区港南一丁目6番27号","SSJ品川ビル8階","050-3807-0528","2012/11/1","あん摩","35.629276","139.745425"
"マッサージルーム","東京都港区港南一丁目6番35号","大同品川ビル6階","03-5495-1253","2019/2/13","あん摩、はり","35.630703","139.745523"
"コクヨヘルスキーパー室","東京都港区港南一丁目8番35号","コクヨ品川オフィス9階","03-3474-8391","2020/9/24","あん摩","35.629666","139.743143"
"ＮＴＴデータだいち　品川ヘルスキーパールーム","東京都港区港南一丁目9番1号","NTT品川TWINDATA棟","050-5547-7060","2009/5/11","あん摩","35.631384","139.741933"
"治療院ケア","東京都港区港南二丁目2番13号","清水ビル2階","03-3450-5233","1992/2/4","あん摩、はり、きゅう","35.628974","139.74234"
"豊田通商東京マッサージ室","東京都港区港南二丁目3番13号","15階","03-4306-8147","2010/12/6","あん摩","35.62903","139.744217"
"リフレ鍼灸院","東京都港区港南二丁目5番5号","港南OMTビル1階","03-3471-1293","2010/12/27","はり、きゅう","35.62873","139.743588"
"指圧・マッサージ　ラクール","東京都港区港南二丁目6番7号","大善ビル5階","03-3474-3310","2010/5/7","あん摩、はり、きゅう","35.628461","139.74247"
"ＰＨＩＬＩＰＳ　Ｍａｓｓａｇｅ　Ｒｏｏｍ","東京都港区港南二丁目13番37号","フィリップスビル5階","03-3740-5112","2018/11/13","あん摩","35.628224","139.745324"
"鍼灸マッサージ　グローバル治療院　品川インターシティ","東京都港区港南二丁目15番2号","品川インターシティ ショップ&レストラン棟地下1階","03-5715-5021","2018/11/1","あん摩、はり、きゅう","35.626576","139.741363"
"てもミル（株式会社マクロミル内）","東京都港区港南二丁目16番1号","品川イーストワンタワー10階","03-6716-0700","2010/11/19","あん摩、はり","35.627770","139.740900"
"ＳＧＴヘルスケアルーム","東京都港区港南二丁目16番3号","品川グランドセントラルタワー20階","03-4535-8047","2011/2/14","あん摩","35.626615","139.740774"
"Ｒｅ－ｆｉｎｅ","東京都港区港南二丁目16番3号","品川グランドセルタワー18階","03-6864-0243","2022/6/27","あん摩、はり、きゅう","35.626615","139.740774"
"株式会社電通国際情報サービス　マッサージルーム","東京都港区港南二丁目17番1号","12階健康管理室内","03-6713-9540","2004/5/6","あん摩、はり、きゅう","35.624577","139.739503"
"こうなん鍼灸院","東京都港区港南四丁目2番6号","シティタワー品川202","03-5715-6228","2010/5/7","はり、きゅう","35.631158","139.748079"
"さくら鍼灸院","東京都港区港南四丁目6番7号","ワールドシティータワーズC1 906",,"2023/3/7","はり、きゅう","35.627474","139.75059"
"港区障害者福祉事業団","東京都港区芝一丁目8番23号","港区立障害保健福祉センター","03-5439-8062","1998/10/1","あん摩、はり、きゅう","35.651544","139.755597"
"（有）三芝治療院","東京都港区芝二丁目8番13号","壱マンション201","03-3454-6220","1976/6/20","あん摩、はり、きゅう","35.651978","139.750641"
"芝公園鍼灸治療院","東京都港区芝二丁目8番13号","KITAハイム芝201","03-6400-3511","2014/6/30","はり、きゅう","35.651878","139.750577"
"港はりきゅう恩応治療院","東京都港区芝二丁目30番14号","阿部ビル1階","03-3455-7830","2014/10/1","はり、きゅう","35.649676","139.751822"
"東ソー株式会社　マッサージルーム","東京都港区芝三丁目8番2号","芝公園ファーストビル8階","03-5427-5112","2017/11/1","あん摩","35.652359","139.74744"
"グローバル治療院マッサージ・鍼灸　三田店","東京都港区芝三丁目16番12号","サンライズ三田ビル1階","03-5444-4731","2010/9/7","あん摩、はり、きゅう","35.652354","139.745348"
"ひまわり三田鍼灸院","東京都港区芝三丁目19番3号","MUハウス1階","03-6435-2922","2011/3/31","あん摩、はり、きゅう","35.652021","139.746821"
"アントニオ鍼灸治療院","東京都港区芝三丁目27番3号","ウェルハウス芝301","03-6435-3886","2019/3/1","あん摩、はり、きゅう","35.651647","139.746011"
"まごころベルマッサージ","東京都港区芝三丁目31番5号","福田ビル203","03-5358-4155","2022/6/1","あん摩、きゅう、はり","35.651100","139.747233"
"一乗鍼灸院","東京都港区芝四丁目3番2号","217","03-6809-3036","2012/8/1","はり、きゅう","35.649116","139.750395"
"田町中央鍼灸院","東京都港区芝四丁目5番9号","三田ハイデンス1階","03-3451-5110","2014/6/24","はり、きゅう","35.648777","139.751176"
"えいとスポーツ鍼灸院","東京都港区芝五丁目13番13号","つるやビル6階",,"2021/9/28","きゅう、はり","35.648956","139.744905"
"三矢鍼灸治療院","東京都港区芝五丁目14番17号","白蘭ビル3階","03-5443-0624","2001/3/14","あん摩、はり、きゅう","35.648690","139.744935"
"はり灸朱鵝院","東京都港区芝五丁目18番1号","1127","03-3798-5455","1996/6/28","はり、きゅう","35.648302","139.747765"
"かわい指圧ルーム","東京都港区芝五丁目22番4号","種村ビル2階、3階","03-3452-4433","2005/12/26","あん摩、はり、きゅう","35.648228","139.746490"
"エスティームスポーツマッサージ","東京都港区芝五丁目23番5号","ブライトンコート三田1階","03-3769-1008","2014/8/1","あん摩、はり、きゅう","35.648321","139.746183"
"にしむら治療院はり・きゅう","東京都港区芝五丁目27番5号","山田ビル503","03-6435-2437","2015/4/14","あん摩、はり、きゅう","35.647121","139.746323"
"リラックスハウス","東京都港区芝五丁目27番13号","第二小川ビル3階","03-5484-4180","2007/11/20","あん摩、はり、きゅう","35.646961","139.746262"
"ｉＣｕｒｅ鍼灸院　田町駅前","東京都港区芝五丁目31番5号","MEFULL田町3階","03-5442-1939","2023/1/1","はり、きゅう","35.646742","139.746183"
"元気ハンズ","東京都港区芝五丁目31番15号","センチュリー三田ビル4階","03-5444-7666","2001/3/13","あん摩、はり、きゅう","35.646682","139.746302"
"田町駅前はり灸院","東京都港区芝五丁目32番3号","林ビル2階","03-6453-7674","2019/4/19","はり、きゅう","35.647283","139.74757"
"株式会社コスモスイニシア　リフレッシュルーム","東京都港区芝五丁目34番6号","新田町ビル9F リフレッシュルーム","03-5444-3250","2021/7/26","あん摩、はり、きゅう","35.645971","139.746722"
"アストラゼネカ株式会社","東京都港区芝浦三丁目1番1号","田町ステーションタワーN 35階","03-3457-9300","2021/6/21","あん摩","35.645885","139.749618"
"田町ヘルスケアルーム","東京都港区芝浦三丁目1番1号","田町ステーションタワーN 4階 サントリー田町オフィス内 ヘルスケアエリア内",,"2021/7/1","あん摩","35.645885","139.749618"
"リラクゼーションマッサージ　Ｌｕｘｅ","東京都港区芝浦三丁目1番32‐504号",,"03-6722-6564","2018/5/28","はり","35.64497","139.74836"
"ツボハウス","東京都港区芝浦三丁目6番2号","第5協栄ビル3・4F","03-5484-1474","2002/11/11","あん摩、はり、きゅう","35.643504","139.749007"
"プラスケア","東京都港区芝浦三丁目6番3号","協栄ビル3階","03-3453-2966","2018/7/17","あん摩、はり、きゅう","35.643533","139.748877"
"癒間専科芝浦鍼灸院","東京都港区芝浦三丁目11番12号","ASK芝浦ビル6階","03-6423-7112","2016/3/24","はり、きゅう","35.643051","139.749832"
"芝浦鍼灸マッサージ院","東京都港区芝浦三丁目12番5号","石阪ビル2階","03-5445-6600","2005/10/11","あん摩、はり、きゅう","35.642529","139.749456"
"芝浦はり治療院","東京都港区芝浦三丁目14番3号","芝浦SSビル1階","03-6722-0424","2020/10/16","はり、きゅう","35.642651","139.748245"
"Ｂ＆Ｗ指圧治療院","東京都港区芝浦四丁目2番23号","東京ベイサイド905","03-5445-6221","2010/3/3","あん摩","35.640581","139.744477"
"９９９ｉｔｏ（キュウキュウキュウイトウ）","東京都港区芝浦四丁目12番35号","ラティス芝浦504",,"2011/3/8","あん摩、はり、きゅう","35.640532","139.749071"
"新駒鍼灸院","東京都港区芝浦四丁目13番3‐1907号",,"03-3454-2501","2016/10/11","あん摩、はり、きゅう","35.640632","139.748554"
"ＴＭＥＳボディケアルーム","東京都港区芝浦四丁目13番23号","MS芝浦ビル8階","03-6453-6396","2019/4/15","あん摩、はり、きゅう","35.640240","139.748062"
"ふじ鍼灸院","東京都港区芝浦四丁目18番30‐303号",,"03-6435-0689","2016/6/1","はり、きゅう","35.638071","139.749129"
"ゆかり鍼灸整体院","東京都港区芝浦四丁目19番1号","ケープタワー4422号室","03-3451-8988","2013/2/26","あん摩、はり、きゅう","35.637540","139.750358"
"コンディショニングマッサージサロンタッチスパ","東京都港区芝浦四丁目20番3号","ブルームタワーフィットネス棟1階","03-6436-4311","2008/9/14","あん摩、はり","35.639853","139.751906"
"鍼灸治療室・凪","東京都港区芝浦四丁目21番1号","グローブタワー4517","03-5939-8831","2007/5/30","はり、きゅう","35.640576","139.751073"
"日本タタ・コンサルタンシー・サービシズ株式会社リラクゼーションルーム","東京都港区芝公園四丁目1番4号","メソニック38MTビル 8階","03-6736-7000","2011/12/12","あん摩","35.659093","139.744043"
"小守スポーツマッサージ療院　東京タワー分院","東京都港区芝公園四丁目2番8号","株式会社TOKYO TOWER3階","03-3433-5157","2012/11/28","あん摩、はり、きゅう","35.658581","139.745433"
"小守スポーツマッサージ療院","東京都港区芝公園四丁目8番1号","東京プリンスホテルパークタワー地下2階","03-5400-1111","2005/4/11","あん摩、はり、きゅう","35.655223","139.747029"
"株式会社ジュピターテレコム社内マッサージルーム","東京都港区芝大門一丁目1番30号","芝NBFタワー1階","03-6765-8190","2008/10/1","あん摩","35.659491","139.75315"
"ＲｅＣＯＲＥ鍼灸院　大門","東京都港区芝大門一丁目4番4号","ノア芝大門106","03-5776-1939","2019/4/1","はり、きゅう","35.658632","139.754587"
"さくらモンデックス港院","東京都港区芝大門一丁目4番10号","大藏ビル401","03-6453-0761","2020/10/1","あん摩、はり、きゅう","35.657749","139.754487"
"国芳東京針灸治療院","東京都港区芝大門一丁目7番4号","トーア芝ガーデン104号室","03-3434-2289","2015/11/11","はり、きゅう","35.658111","139.753688"
"（有）芝鍼灸マッサージ治療院","東京都港区芝大門一丁目11番6号",,"03-3431-4908","1982/5/1","あん摩、はり、きゅう","35.65818","139.753079"
"芝大門ＩＭＳ治療院","東京都港区芝大門一丁目15番5号","フジビル2階","03-6452-9484","2014/11/21","はり、きゅう","35.657323","139.754117"
"カラダキュア浜松町大門鍼灸院","東京都港区芝大門一丁目15番7号","芝大門ABC館ビル3階","03-6381-5312","2020/9/18","はり、きゅう","35.657059","139.753928"
"アルファウェーブ鍼灸指圧治療院　浜松町店","東京都港区芝大門一丁目15番7号","TK芝大門ビル3階","03-3431-8108","2009/12/1","あん摩、はり、きゅう","35.657051","139.754088"
"さくら鍼灸治療院","東京都港区芝大門一丁目16番6号","新雅ビル5階","070-6454-3777","2017/4/17","はり、きゅう","35.657124","139.754465"
"大門パフォーマンススタジオ鍼灸院","東京都港区芝大門二丁目1番2号","山口ビル5階",,"2023/3/10","はり、きゅう","35.656770","139.753209"
"ハリのち晴れ　鍼灸治療院","東京都港区芝大門二丁目1番13号","4F","03-3432-5355","2023/3/18","はり、きゅう","35.655898","139.75298"
"松崎はり指圧院","東京都港区芝大門二丁目1番18号","GSハイム205","03-5401-0870","1997/7/27","あん摩、はり、きゅう","35.656582","139.753036"
"丸マッサージ・鍼灸院","東京都港区芝大門二丁目5番9号",,,"2019/10/8","あん摩、はり、きゅう","35.654846","139.754048"
"レイス治療院　東京みなと","東京都港区芝大門二丁目6番11号","欧文ビル3階","03-3432-5746","2019/9/3","あん摩、はり、きゅう","35.654955","139.75358"
"鍼灸治療院ハリのち晴れ","東京都港区芝大門二丁目8番16号","島倉ビル2F","070-8422-5022","2020/4/1","はり、きゅう","35.655661","139.75288"
"芝メディカルエイド治療院","東京都港区芝大門二丁目12番6号","ダイアパレス806","03-3437-2522","1991/1/18","あん摩、はり、きゅう","35.654129","139.754048"
"もりこ鍼灸院","東京都港区芝大門二丁目12番8号","浜松町矢崎ホワイトビル1階","03-3431-1733","2013/5/8","はり、きゅう","35.653908","139.753983"
"はりきゅう　にしはら","東京都港区白金一丁目5番1号","ドリームタイム白金4階","080-3100-0394","2018/2/3","はり、きゅう","35.646833","139.732377"
"ｅｐｉｑ鍼灸サロン","東京都港区白金一丁目6番11号","CONTEL SHIROGANE102",,"2023/3/16","はり、きゅう","35.646472","139.731738"
"マッサージルーム「Ｒｅｌａｘａ」（リラクサ）","東京都港区白金一丁目17番3号","NBFプラチナタワー24階リフレッシュルーム内","03-6737-6926","2010/10/8","あん摩","35.644601","139.734627"
"ヤブザキ鍼灸治療院","東京都港区白金一丁目28番18号","1階","03-3441-4438","2023/3/3","はり、きゅう","35.643758","139.732976"
"鍼灸サロンＲｉｃｃａ","東京都港区白金一丁目28番18号","Yビル2階","03-3445-1189","2022/4/19","あん摩、はり、きゅう","35.643758","139.732976"
"森治療院","東京都港区白金一丁目29番9号","201","03-3441-0307","2010/6/30","あん摩、はり、きゅう","35.643175","139.733878"
"豪栄鍼灸院","東京都港区白金二丁目1番4号","1階","090-9960-5080","2018/4/23","はり、あん摩、きゅう","35.643624","139.731002"
"しまだ整体サロン","東京都港区白金二丁目3番19号","白金アネックス201","03-6450-3439","2022/6/1","はり、きゅう","35.642468","139.733290"
"すずき鍼灸治療院","東京都港区白金三丁目3番23号",,"090-4220-7765","2005/5/18","あん摩、はり、きゅう","35.646247","139.729229"
"白金はり灸マッサージ室","東京都港区白金三丁目9番16号","マロン白金3A",,"2021/10/4","あん摩、はり、きゅう","35.645888","139.730815"
"立川マッサージ治療院","東京都港区白金三丁目20番2号",,"03-3441-3956","1977/8/4","あん摩","35.644268","139.730646"
"Ｍａｈａｎａ鍼灸院","東京都港区白金四丁目9番2号","2階","03-5421-0891","2017/5/1","あん摩、はり、きゅう","35.642137","139.728620"
"白金訪問鍼灸マッサージセンター","東京都港区白金六丁目14番3号",,,"2022/4/1","あん摩、はり、きゅう","35.642177","139.723712"
"ハリーテ白金鍼灸サロン","東京都港区白金六丁目14番3号",,"03-6456-2944","2019/10/1","あん摩、はり、きゅう","35.642177","139.723712"
"ＪＰＥＣ鍼灸白金","東京都港区白金六丁目16番24号","BARBIZON100 3階","03-6277-2867","2018/4/17","はり、きゅう","35.642368","139.721899"
"しろがね鍼灸院","東京都港区白金六丁目19番7号","第2東幸ビル1階","03-3443-3525","2017/9/1","はり、きゅう","35.643336","139.721237"
"（株）ダイヤモンドアスレティックス","東京都港区白金台一丁目1番18号","スパ白金台内","03-3444-5816","1984/7/1","あん摩、はり、きゅう","35.639125","139.729044"
"都ヘルスクラブ","東京都港区白金台一丁目1番50号","都ホテル東京内","03-3447-3111","1998/11/1","あん摩","35.639304","139.730649"
"ライフサポート「パルモ」","東京都港区白金台一丁目2番6号","菁莪館103","03-3280-1217","2015/2/1","あん摩、はり、きゅう","35.639224","139.731374"
"福永ハリキュウマッサージ治療院","東京都港区白金台三丁目16番8号","クレール白金台314","03-3441-9014","1989/8/8","あん摩、はり、きゅう","35.636183","139.723342"
"ブリエ鍼灸サロン","東京都港区白金台三丁目16番36号","401",,"2019/6/6","はり、きゅう","35.635983","139.722184"
"Ａｓｉｓｉｙａ鍼灸院","東京都港区白金台四丁目2番10号","ランドステージ地下1階","03-3441-2067","2019/3/7","はり、きゅう","35.639189","139.728201"
"ピュビケアサロン　はりきゅう","東京都港区白金台四丁目5番7号","サンストン白金台205","03-6450-3435","2018/9/8","あん摩、はり、きゅう","35.638643","139.727064"
"白金鍼灸サロン　ｓａｌｏｎ　ｄｅ　ｓｈｉｒｏｋａｎｅ","東京都港区白金台四丁目8番14号","プラティーヌA棟2階","03-6277-4207","2017/4/1","あん摩、はり、きゅう","35.637441","139.724179"
"白金台はりきゅう治療室","東京都港区白金台四丁目12番12号","ウェルハウス白金台204","03-6277-2236","2010/11/22","あん摩、はり、きゅう","35.638173","139.724909"
"鍼灸院　ＭＡＮＡ","東京都港区白金台四丁目15番6号","エヴァーグリーン白金台201","080-8423-2129","2016/12/17","はり、きゅう","35.638915","139.725014"
"鍼灸Ｌｉｅｎ白金台","東京都港区白金台四丁目15番6号","エヴァーグリーン白金台101","03-6874-1402","2017/4/7","はり、きゅう","35.638915","139.725014"
"白金鍼灸　サロンフューム","東京都港区白金台五丁目2番5号","トランドゥ403","03-6450-3623","2015/10/15","あん摩、はり、きゅう","35.642475","139.720878"
"森羅白金鍼灸治療院","東京都港区白金台五丁目2番5号","トランドゥ101","03-6277-3993","2018/4/10","はり、きゅう","35.642475","139.720878"
"この花鍼灸院","東京都港区白金台五丁目2番5号","トランドゥ201",,"2014/10/10","はり、きゅう","35.642475","139.720878"
"鍼灸院Ｓｕｇａｒ","東京都港区白金台五丁目5番8号","ISOLETTA4F","03-6277-3218","2022/2/1","はり、きゅう","35.640429","139.722275"
"ＹＰマッサージ室","東京都港区白金台五丁目17番2号","ヤマトプロテック本社6階","03-3446-7805","2019/2/8","あん摩、はり","35.637431","139.723472"
"尾崎鍼灸院","東京都港区白金台五丁目18番7号","アポロ白金台201","03-3280-2827","2000/12/18","あん摩、はり、きゅう","35.636892","139.723302"
"鍼灸院ＳＡＫＩＵＴＡ","東京都港区白金台五丁目22番11号","ソフトタウン白金210","03-6450-3916","2019/6/16","はり、きゅう","35.634992","139.717666"
"鍼灸　杏珠堂","東京都港区白金台五丁目22番11号","ソフトタウン白金301",,"2019/3/30","はり、きゅう","35.634992","139.717666"
"迎春堂鍼灸治療院","東京都港区新橋一丁目5番5号","国際善隣会館8階","03-6228-5958","2012/11/20","はり、きゅう","35.667572","139.760197"
"たまるやスポーツ鍼灸院","東京都港区新橋一丁目18番14号","三洋堂ビル本館7階","03-3593-5093","2011/2/9","あん摩、はり、きゅう","35.668414","139.756124"
"新橋西口鍼灸院","東京都港区新橋一丁目18番15号","佐伯ビル1階","03-5251-8101","2019/3/1","はり、きゅう","35.668478","139.755924"
"ライエンス鍼灸院","東京都港区新橋二丁目3番3号","新橋ベネテックビル2階","03-6268-8318","2013/7/1","あん摩、はり、きゅう","35.667749","139.75573"
"アルファウェーブ鍼灸指圧治療院　新橋店","東京都港区新橋二丁目5番6号","大村ビル2階","03-3503-2341","2009/12/1","あん摩、はり、きゅう","35.667457","139.755884"
"和風癒処　新橋店","東京都港区新橋二丁目6番8号","新橋駅前21LADYビル2・3階","03-5251-5225","2003/6/18","あん摩","35.666379","139.758340"
"一掌堂治療院","東京都港区新橋二丁目10番5号","末吉ビル5階","03-3591-0505","2006/1/10","あん摩、はり、きゅう","35.666967","139.755649"
"ＡＹＣ治療室","東京都港区新橋二丁目16番1号","ニュー新橋ビル429","03-3580-7770","2016/9/2","あん摩、はり、きゅう","35.666423","139.757358"
"新橋駅前鍼灸院","東京都港区新橋二丁目16番1号","ニュー新橋ビル2階","03-6206-1225","2016/8/22","あん摩、はり、きゅう","35.666423","139.757358"
"サテライトマッサージ鍼灸院","東京都港区新橋二丁目16番1号","ニュー新橋ビル244","03-3592-9440","1990/12/5","あん摩、はり、きゅう","35.666423","139.757358"
"サテライト指圧マッサージ院","東京都港区新橋二丁目16番1号","ニュー新橋ビル1001","03-3597-8577","1990/12/5","あん摩","35.666423","139.757358"
"清水指圧治療室","東京都港区新橋二丁目16番1号","ニュー新橋ビル406","03-3508-8097","1994/9/24","あん摩","35.666423","139.757358"
"サンテナーマッサージ治療院３号","東京都港区新橋二丁目20番15号","新橋駅前ビル1号館208","03-3573-2233","1996/6/21","あん摩、はり、きゅう","35.666214","139.759538"
"サンテナーマッサージ治療院１号","東京都港区新橋二丁目20番15号","新橋駅前ビル1号館111号","03-3571-0345","1981/9/16","あん摩、はり、きゅう","35.666214","139.759538"
"サンテナーマッサージ治療所２号","東京都港区新橋二丁目20番15号","新橋駅前ビル1号館919号","03-3571-8816","1983/6/10","あん摩、はり、きゅう","35.666214","139.759538"
"新橋汐留鍼灸マッサージ院","東京都港区新橋二丁目20番15号","新橋駅前ビル1号館1階127","03-6228-5855","2009/11/6","あん摩、はり、きゅう","35.666214","139.759538"
"福島鍼灸治療院","東京都港区新橋二丁目20番15号","新橋駅前ビル1号館226","03-3571-0833","2005/2/22","はり、きゅう","35.666214","139.759538"
"東京鍼灸　烏森通り","東京都港区新橋三丁目11番9号","烏森通りビル6階","03-6874-8839","2017/12/18","はり、きゅう","35.666281","139.755725"
"リライフ鍼灸マッサージ院","東京都港区新橋三丁目11番9号","烏森通りビル3階","03-6435-8382","2022/5/16","あん摩、はり、きゅう","35.666281","139.755725"
"元氣計画治療院","東京都港区新橋三丁目13番5号","新橋カシマビル3階","03-3438-0949","2008/6/18","あん摩、はり、きゅう","35.665665","139.756313"
"烏森マッサージ","東京都港区新橋三丁目21番4号","ペリカンビル3階","03-3437-2828","1999/9/28","あん摩","35.665160","139.758050"
"博厚堂はり治療院","東京都港区新橋四丁目7番4号","STトミタ1F","03-3459-8341","2021/10/22","あん摩、はり、きゅう","35.664623","139.755402"
"たから鍼灸院","東京都港区新橋四丁目14番4号",,"03-3433-1133","2020/12/1","はり、きゅう","35.664489","139.75675"
"はなまる鍼灸院","東京都港区新橋五丁目4番1号","ふくやビル1階","03-6427-8704","2020/4/25","はり、きゅう","35.664219","139.753830"
"指圧鍼灸治療院　ｒｉｔａ－１","東京都港区新橋五丁目6番4号","トゥシェ新橋1001号室","03-3436-2730","2016/12/1","あん摩、はり、きゅう","35.663704","139.754127"
"指圧鍼灸治療院　ｒｉｔａ－２","東京都港区新橋五丁目6番4号","トゥシェ新橋304号室","03-3436-2730","2016/12/1","あん摩、はり、きゅう","35.663704","139.754127"
"指圧鍼灸治療院　ｒｉｔａ－３","東京都港区新橋五丁目6番4号","トゥシェ新橋301号室","03-3436-2730","2016/12/1","あん摩、はり、きゅう","35.663704","139.754127"
"らくらく堂鍼灸院","東京都港区新橋六丁目14番4号","和田ビル2階","03-6435-8410","2020/1/29","あん摩、はり、きゅう","35.661863","139.753282"
"らくらく堂針灸院","東京都港区新橋六丁目14番4号","和田ビル2F","03-3459-8341","2003/1/14","あん摩、はり、きゅう","35.661863","139.753282"
"お台場ウェルケア鍼灸院","東京都港区台場一丁目6番1号","デックス東京ビーチ1F-01a","03-6380-7738","2022/2/12","はり、きゅう","35.629058","139.775997"
"ヘルスケアルーム","東京都港区台場二丁目3番3号",,"03-5579-1633","2009/4/1","あん摩","35.629101","139.778791"
"フジテレビジョン健康相談センターマッサージ室","東京都港区台場二丁目4番8号","フジテレビ本社ビル18階","03-5500-8888","1997/4/21","あん摩","35.626804","139.774457"
"庵ＳＰＡ","東京都港区台場二丁目6番1号","グランドニッコー東京台場アトリウム3階","03-3599-3550","2017/9/15","あん摩、はり、きゅう","35.625144","139.771569"
"シーサイド台場　鍼灸施術院","東京都港区台場二丁目6番1号","グランドニッコー東京台場内Le CLUB2F","03-5500-4630","2019/6/28","はり、きゅう、あん摩","35.625144","139.771569"
"白金高輪はりきゅう院","東京都港区高輪一丁目1番5号","パルムハウス魚籃坂103号室","03-6455-6462","2022/3/16","はり、きゅう","35.643519","139.736379"
"指圧・マッサージ　こりふじ","東京都港区高輪一丁目2番16号","鈴木ビル8階A、B","03-3445-9121","2009/8/4","あん摩、はり、きゅう","35.644241","139.735205"
"高輪マッサージ指圧治療院","東京都港区高輪一丁目5番16号",,"03-3473-5518","2018/7/18","あん摩","35.641594","139.737281"
"魚藍坂マッサージセンター","東京都港区高輪一丁目5番19号","ヒルトップ高輪305","03-3443-2040","1966/11/28","あん摩、はり、きゅう","35.642198","139.736283"
"白金高輪治療院","東京都港区高輪一丁目11番8号","コートハウス高輪102","03-6721-9639","2013/6/1","はり、きゅう","35.641454","139.734966"
"アキュサリュート高輪","東京都港区高輪一丁目13番11号","帰山荘102","03-5422-9255","2022/3/10","あん摩、はり、きゅう","35.641480","139.735924"
"指圧スタジオポレポレ","東京都港区高輪一丁目26番13号","2A","03-3447-5898","2000/5/1","あん摩、はり、きゅう","35.637746","139.733583"
"小畑鍼灸院","東京都港区高輪二丁目3番22号",,"03-3473-4189","2005/8/31","はり、きゅう","35.637737","139.733884"
"古川鍼灸治療室","東京都港区高輪二丁目5番9号",,"03-3441-1833","1974/7/17","あん摩、はり、きゅう","35.636364","139.733573"
"高輪治療室","東京都港区高輪二丁目14番9号","三愛ビル1階","03-5420-1696","2005/7/28","あん摩、はり、きゅう","35.63597","139.738199"
"桜華鍼灸院","東京都港区高輪二丁目15番8号","1階","03-5422-9334","2017/4/1","はり、きゅう","35.637544","139.738802"
"鍼灸マッサージ院トータルケアファイン","東京都港区高輪二丁目15番24号","ASP高輪","03-5422-6591","2020/9/1","あん摩、はり、きゅう","35.636175","139.738258"
"今野鍼灸治療院","東京都港区高輪二丁目16番36号","高輪チトセハイツ301",,"2021/4/5","あん摩、はり、きゅう","35.637948","139.738838"
"治療院ラフ","東京都港区高輪二丁目16番36号","高輪チトセハイツ301",,"2021/5/18","あん摩、はり、きゅう","35.637948","139.738838"
"一心訪問ケアマッサージ治療院高輪店","東京都港区高輪二丁目17番3号","東洋ビル3階","03-6277-0440","2015/2/5","あん摩","35.6361852","139.7338807"
"女性のための鍼灸サロンＨＡＬＩＤＡ","東京都港区高輪三丁目6番11号","K高輪ビル601 oh the shore内",,"2023/2/3","はり、きゅう","35.633482","139.732421"
"高輪台鍼療所","東京都港区高輪三丁目8番5号",,"03-3443-7788","1983/1/1","はり、きゅう","35.633099","139.731643 "
"鍼灸院リラクスラボ","東京都港区高輪三丁目10番7号","高輪アパートメント102・103号","03-6712-9939","2018/5/12","はり、きゅう","35.631886","139.732132"
"鍼灸院サリー","東京都港区高輪三丁目11番5号","高輪ビューハイツ703","03-6721-7185","2012/6/11","あん摩、はり、きゅう","35.631533","139.730536"
"慶応治療院","東京都港区高輪三丁目12番4号",,"03-3445-8989","1998/5/6","はり、きゅう","35.630852","139.730537"
"Ｓａｉ鍼灸高輪","東京都港区高輪三丁目15番23号","ヒラタビル1階","03-6409-6438","2013/9/26","はり、きゅう","35.635342","139.733659"
"はり・きゅう・指圧　高輪　晴風堂　治療院","東京都港区高輪四丁目9番16号",,"03-3280-1915","2010/4/26","あん摩、はり、きゅう","35.628722","139.735031"
"ＩＱＶＩＡサービシーズマッサージサービス","東京都港区高輪四丁目10番18号","京急第1ビル5階","03-6859-9500","2023/3/24","あん摩","35.628707","139.736861"
"ＩＱＶＩＡソリューションズジャパン株式会社","東京都港区高輪四丁目10番18号","京急第1ビル5階","03-6771-9001","2023/3/20","はり、あん摩","35.628707","139.736861"
"松井マッサージ室","東京都港区高輪四丁目10番30号","品川プリンスホテル2-0339号","03-3440-1111","2009/8/1","あん摩","35.627844","139.735334"
"小守スポーツマッサージ療院　高輪分院","東京都港区高輪四丁目10番30号","品川プリンスホテル高輪テニスセンター内2階","03-3473-2183","2009/3/1","あん摩、はり、きゅう","35.62791","139.733827"
"エトワール治療院","東京都港区高輪四丁目11番8号",,,"2020/9/9","あん摩、はり、きゅう","35.627037","139.736323"
"こころ品川鍼灸治療院","東京都港区高輪四丁目18番23号","ニューホームズ高輪401","03-6450-2139","2015/3/16","あん摩、はり、きゅう","35.626224","139.733848"
"ハリアップ高輪本院","東京都港区高輪四丁目18番23号","101","03-6450-3981","2012/9/19","あん摩、はり、きゅう","35.626152","139.733921"
"あすも鍼灸院","東京都港区高輪四丁目21番1号","202","03-3445-1831","2023/2/6","はり、きゅう","35.626672","139.735329"
"鍼灸院シーワン","東京都港区虎ノ門一丁目12番11号","虎ノ門ファーストビル4階","03-3592-4141","2004/8/5","はり、きゅう","35.668606","139.749646"
"虎ノ門鍼灸院","東京都港区虎ノ門一丁目16番6号","虎ノ門ラポート202","03-3504-8187","2018/7/2","あん摩、はり、きゅう","35.668436","139.749294"
"ウォームハンズ","東京都港区虎ノ門一丁目16番9号","双葉ビル2階","050-5806-8750","2013/9/17","はり、きゅう","35.668189","139.749214"
"シンプレクス株式会社リラクゼーションルーム","東京都港区虎ノ門一丁目23番1号","虎ノ門ヒルズ森タワー19階","03-3539-7370","2014/8/18","あん摩","35.666822","139.749418"
"ＮＨＮ　ＰｌａｙＡｒｔ　マッサージルーム","東京都港区虎ノ門一丁目23番1号","虎ノ門ヒルズ森タワー22階","03-6263-1162","2015/1/5","あん摩","35.666822","139.749418"
"株式会社商船三井マッサージ室","東京都港区虎ノ門二丁目1番1号","(商船三井ビル15階)","03-3587-7655","2009/4/1","あん摩、はり、きゅう","35.669722","139.747018"
"ＬＰ　ＢＡＳＥ　ＴＯＲＡＮＯＭＯＮ","東京都港区虎ノ門二丁目5番4号","末広ビル7階","03-6205-7839","2018/4/9","はり、きゅう","35.668676","139.748099"
"ハリアップ　オークラプレステージタワー院","東京都港区虎ノ門二丁目10番4号","オークラプレステージタワー8階","03-6277-8125","2019/12/17","あん摩、はり、きゅう","35.666911","139.743999"
"オークラ東京Ｏｋｕｒａ　Ｆｉｔｎｅｓｓ＆Ｓｐａ　マッサージ室","東京都港区虎ノ門二丁目10番4号","オークラ プレステージタワー27階","03-3582-0111","2019/9/10","あん摩","35.666911","139.743999"
"鍼灸ｂｏｕｌｅｖａｒｄ　虎ノ門（ブールバール）","東京都港区虎ノ門三丁目18番12号","ステュディオ虎ノ門201","050-5586-7644","2015/7/1","はり、きゅう","35.662856","139.746243"
"鈴木針灸指圧治療院","東京都港区虎ノ門三丁目18番12号","ステュディオ虎ノ門605","03-5473-0789","1998/6/8","あん摩、はり、きゅう","35.662856","139.746243"
"Ｔｈｉｎｋ　ｙｏｕ鍼灸","東京都港区虎ノ門三丁目19番15-1203号",,,"2020/1/12","はり、きゅう","35.663319","139.746966"
"ＣＴＣ神谷町オフィスマッサージルーム","東京都港区虎ノ門四丁目1番1号","神谷町トラストタワー9F神谷町マッサージルーム","03-6403-6606","2021/7/12","あん摩","35.665016","139.745407"
"治療院サムズアップ","東京都港区虎ノ門四丁目1番11号","葺手ハイツ101","03-3433-3909","2007/3/5","あん摩","35.664501","139.744522"
"すっきりセンター鍼灸治療院　虎ノ門","東京都港区虎ノ門四丁目1番17号","2F","03-5733-0016","2021/8/12","はり、きゅう","35.665065","139.744067"
"小守スポーツマッサージ療院　虎ノ門分院","東京都港区虎ノ門四丁目3番1号","城山トラストタワー3階 プリミアクラブ内","03-3433-0770","2011/10/2","あん摩、はり、きゅう","35.664640","139.743089"
"ザ・プリミアクラブマッサージ室","東京都港区虎ノ門四丁目3番1号","城山JT森ビル3階","03-5472-0055","1992/7/1","あん摩、はり、きゅう","35.664835","139.743268"
"ＡＩＧハーモニー　マッサージルーム","東京都港区虎ノ門四丁目3番20号","神谷町MTビル2階","03-6848-8278","2018/11/19","あん摩","35.663494","139.744526"
"ＢＯＤＹ　ＢＯＸ　鍼灸院","東京都港区虎ノ門五丁目3番9号","ゼルコーバ・ファイブ201号室",,"2020/7/3","はり、きゅう","35.662678","139.743909"
"虎ノ門武士鍼灸院","東京都港区虎ノ門五丁目11番15号","905","03-6822-0426","2022/1/1","はり、きゅう","35.662259","139.744754"
"マッサージ・ユカ鍼灸治療院","東京都港区虎ノ門五丁目13番1号","第40森ビル","03-3432-4659","2000/2/2","あん摩、はり、きゅう","35.663433","139.745849"
"マッサージルームリリーフ","東京都港区西麻布一丁目2番12号","デュオ・スカーラ西麻布タワーEAST1階","03-3401-1952","2019/12/1","あん摩、はり、きゅう","35.661105","139.726904"
"ＨａｒｉＦａ　六本木院","東京都港区西麻布一丁目2番12号","デュオスカーラ西麻布タワーEAST1202","050-3479-3744","2022/9/21","はり、きゅう","35.661105","139.726904"
"澤田はり治療室","東京都港区西麻布一丁目5番11号",,"03-5474-5088","1996/5/27","あん摩、はり、きゅう","35.661462","139.725064"
"按鍼道","東京都港区西麻布一丁目10番8号","第2大晃ビル201","03-3423-1221","2015/11/5","あん摩、はり、きゅう","35.660954","139.724207"
"ＳＡＬＯＮ　Ｋ．","東京都港区西麻布一丁目11番6号","1203",,"2022/6/23","はり、きゅう","35.660346","139.724609"
"メディカルサロン　プロティア施術所","東京都港区西麻布一丁目11番6号","ホテル&レジデンス六本木905","03-3478-2272","2013/1/29","あん摩、はり、きゅう","35.660346","139.724609"
"美容鍼灸サロン　ｒｉｔｔｅ","東京都港区西麻布一丁目11番6号","ホテル&レジデンス六本木701",,"2022/11/7","あん摩、はり、きゅう","35.660346","139.724609"
"ＬＣＣ鍼灸チーム","東京都港区西麻布一丁目14番2号","疋田ビル2階(201)ライフ・ケア・コンシェルジュ株式会社 内","03-6447-1460","2019/12/3","あん摩、はり、きゅう","35.661436","139.723572"
"鍼灸マッサージ・サクライン治療院","東京都港区西麻布一丁目15番15号","ドルメン西麻布101","03-3401-0821","2003/9/18","あん摩、はり、きゅう","35.661870","139.723023"
"みこころ鍼灸マッサージ院","東京都港区西麻布二丁目15番7号","東一ビル102","03-6427-2910","2016/4/27","あん摩、はり、きゅう","35.661253","139.721888"
"玉井治療院","東京都港区西麻布二丁目17番14号","エスペランサビル3階","090-1074-4071","2007/3/21","はり、きゅう","35.662326","139.720123"
"メディカル鍼灸マッサージ院","東京都港区西麻布二丁目21番3号",,,"2017/9/21","あん摩、はり、きゅう","35.661668","139.718923"
"六本木鍼灸療院","東京都港区西麻布三丁目1番25号","1005 金谷ホテルマンション","03-3478-1772","2006/9/3","あん摩、はり、きゅう","35.660758","139.727471"
"エム・シー・アール","東京都港区西麻布三丁目2番13号","コートアネックス六本木507","03-5474-9741","2005/4/1","はり、きゅう","35.659594","139.727563"
"おび鍼灸院","東京都港区西麻布三丁目3番3号","第6谷沢ビル4階","03-5411-0702","2019/4/8","はり、きゅう","35.658054","139.727233"
"デポルターレ鍼灸院","東京都港区西麻布三丁目17番34号","3F","03-6804-6680","2016/4/1","はり、きゅう","35.65885","139.724949"
"ヴェルツ鍼灸治療院","東京都港区西麻布三丁目19番18号","T-annex 1・2階","03-6427-5406","2020/7/1","はり、きゅう","35.659855","139.725679"
"友愛治療院","東京都港区西麻布三丁目21番20‐303号",,,"2020/8/6","はり、きゅう","35.659681","139.724632"
"Ｃｒｏｓｓｃｌｕｅ鍼院","東京都港区西麻布四丁目2番9号","シーズンズ西麻布203",,"2023/2/3","はり","35.658106","139.723273"
"鍼灸指圧ねこまち治療院","東京都港区西麻布四丁目6番5号","協立興産西麻布ビル203","03-6427-4144","2019/10/13","あん摩、はり、きゅう","35.656049","139.723153"
"Ｂａｃｋ　ｔｏ　Ｂａｓｉｃｓ　鍼灸治療院","東京都港区西麻布四丁目8番31号","レジデンス西麻布203","03-6447-7655","2022/9/2","はり、きゅう","35.656542","139.722594"
"ＨＹＰｈｙｓｉｏ．鍼灸院","東京都港区西麻布四丁目10番3号","Blooming西麻布B1C",,"2021/7/7","はり、きゅう","35.657577","139.723050"
"ノマド鍼灸院","東京都港区西麻布四丁目10番13号","ウエストコート410-4階","090-3942-6514","2016/7/11","あん摩、はり、きゅう","35.657435","139.722674"
"しんきゅう院ａｑｕ美","東京都港区西麻布四丁目15番3号","グレンパーク西麻布203","03-6820-3552","2022/1/11","はり、きゅう","35.658929","139.721257"
"株式会社東急エージェンシーヘルスキーパー室","東京都港区西新橋一丁目1番1号","日比谷フォートタワー17階","03-6811-2412","2021/10/25","あん摩","35.669827","139.753372"
"ｉＣｕｒｅ鍼灸院　虎ノ門","東京都港区西新橋一丁目12番6号","白井ビル1階","03-6205-7700","2022/10/1","はり、きゅう","35.668298","139.753329"
"メビウス新橋治療院","東京都港区西新橋一丁目16番2号","山水ビル6階","03-6206-1717","2020/1/24","あん摩、はり、きゅう","35.667793","139.754374"
"夫鍼灸マッサージ院","東京都港区西新橋一丁目18番11号","西新橋吉田ビル5F","03-3502-5252","2006/6/14","あん摩、はり、きゅう","35.667446","139.753128"
"虎ノ門コンディショニングケアヤマシタ","東京都港区西新橋一丁目20番3号","B-1","03-3519-7651","2006/4/24","あん摩、はり、きゅう","35.668235","139.752689"
"有限会社きみしま　きみしま鍼灸治療院","東京都港区西新橋二丁目2番3号","西新橋ビル7階B","03-4283-9622","2022/8/15","はり、きゅう","35.667681","139.751612"
"赤象鍼灸治療院","東京都港区西新橋二丁目2番5号","吉川ビル1階","03-3581-5089","2008/11/5","あん摩、はり、きゅう","35.667434","139.751532"
"はりいち治療院","東京都港区西新橋二丁目6番1号","第2菊家ビル3階","03-6457-9676","2016/1/8","はり、きゅう","35.667154","139.753373"
"ニュースター治療院","東京都港区西新橋二丁目9番7号","クイーンビル2A(201)","03-3597-9788","2007/3/12","あん摩、はり、きゅう","35.666668","139.753159"
"アクアウッド","東京都港区西新橋二丁目15番17号","3階(レインボービル)","03-3992-0085","2011/8/17","あん摩、はり、きゅう","35.667059","139.750631"
"Ｖｉｖａ鍼灸マッサージ治療院","東京都港区西新橋三丁目8番2号","新橋ウエストビル3階","03-6435-9244","2018/10/1","あん摩、はり、きゅう","35.664591","139.752871"
"ＯＦＦＩＣＥ　ＴＯＳＨＩＫＩ　ＮＡＳＵ","東京都港区西新橋三丁目15番6号","ASONE愛宕202号室",,"2022/11/15","はり、きゅう","35.664773","139.750175"
"リウ鍼灸院","東京都港区西新橋三丁目19番14号","東京建硝ビル2階","03-6435-8255","2015/7/27","あん摩、はり、きゅう","35.663271","139.751752"
"健康サイエンス鍼灸院","東京都港区浜松町一丁目18番9号","2階","03-3432-1248","2012/7/9","あん摩、はり、きゅう","35.657842","139.755372"
"さくら訪問マッサージ大門店","東京都港区浜松町一丁目19番10号","第二古橋ビル5階","03-6809-2042","2013/8/1","あん摩、はり、きゅう","35.657816","139.755794"
"智翠","東京都港区浜松町一丁目20番10号","ライオネス浜松町408",,"2022/4/1","はり、きゅう","35.657756 ","139.756563 "
"鍼灸マッサージ芝東洋院","東京都港区浜松町一丁目27番17号","三和ビル2階","03-3438-3738","1997/3/17","あん摩、はり、きゅう","35.657667","139.755210"
"株式会社ＴＤモバイル　健康管理室","東京都港区浜松町一丁目30番5号","浜松町スクエア5階","03-6830-2500","2011/6/1","あん摩","35.657061","139.756769"
"磯崎マッサージ療院","東京都港区浜松町二丁目2番11号","廣瀬ビル5階","03-3437-6233","2004/10/1","あん摩","35.654764","139.754647"
"ニコニコ指圧マッサージ治療院","東京都港区浜松町二丁目6番10号","第三青野屋ビル1階","03-3431-5528","2010/3/25","あん摩","35.654241","139.755782"
"スマートボディプラス鍼灸マッサージ院","東京都港区浜松町二丁目7番15号","浜松町三電舎ビルディング1階","03-6452-9588","2014/8/18","あん摩、はり、きゅう","35.653915","139.754766"
"ｂｅ　ｓｔｙｌｅ","東京都港区東麻布一丁目4番2号","山田ビル3階","03-6807-4970","2021/5/20","はり、きゅう","35.658050","139.743435"
"ｓａｌｏｎ　ｄｅ　ｍｏｅ　‐ａｚａｂｕ‐","東京都港区東麻布一丁目15番2号","Branshe東麻布102","03-6885-0672","2022/11/8","きゅう、はり","35.656715","139.743250"
"ＯＷＬ鍼灸院","東京都港区東麻布一丁目18番7号","REVER HAYASHI 301",,"2022/8/26","はり、きゅう","35.655733","139.742722"
"鍼灸メディカルセンター","東京都港区東麻布一丁目23番6号",,"03-3585-8901","1989/1/19","あん摩、はり、きゅう","35.656105","139.744532"
"ｎｏｂｏｒｉ鍼灸院","東京都港区東麻布一丁目29番17号","グランクリュー麻布502",,"2022/1/7","はり、きゅう","35.655353","139.742181"
"ｈａｐｐｙｓｌｅｅｐ　ｈａｒｉａｙａｋｏ","東京都港区東麻布一丁目29番17号","グランクリュー麻布302",,"2021/8/8","あん摩、はり、きゅう","35.655353","139.742181"
"キネティック治療院","東京都港区東麻布二丁目3番4号","TKBビル2階","03-5797-7536","2016/2/1","あん摩、はり、きゅう","35.657405","139.742939"
"こいけ針灸治療所","東京都港区東麻布二丁目5番1‐101",,"03-3585-8462","2020/1/9","あん摩、はり、きゅう","35.657277","139.741699"
"ＳＨＩＮ　ｃｏｎｄｉｔｉｏｎｉｎｇ　ｓｔｕｄｉｏ　鍼灸","東京都港区東麻布二丁目15番1号","AVANSER  AZABU 4階","03-6277-7758","2015/3/7","はり、きゅう","35.657551","139.74097"
"ＢａｌａｎｃｅＨａｒｉ","東京都港区東麻布二丁目23番14号","トワ・イグレッグ304",,"2020/4/4","あん摩、はり、きゅう","35.657102","139.739278"
"鍼灸　春秋泉","東京都港区東麻布三丁目7番4号","4F","03-3560-3838","2010/3/19","はり、きゅう","35.656395","139.738514"
"鍼灸マッサージさとう治療院","東京都港区東麻布三丁目7番13号","MD麻布601号","03-3584-6222","2007/1/16","あん摩、はり、きゅう","35.656335","139.738079"
"やの鍼灸院　麻布十番","東京都港区東麻布三丁目8番8‐601号",,"03-5797-7124","2016/3/18","はり、きゅう","35.656361","139.73763"
"東京インターナショナル鍼灸院","東京都港区東麻布三丁目8番10号","バーリータワーズ1001","03-6277-7063","2016/7/1","あん摩、はり、きゅう","35.656485","139.737491"
"養生鍼灸治療院","東京都港区東麻布三丁目8番10号","バーリータワーズ301","03-3560-6172","2005/11/1","はり、きゅう","35.656485","139.737491"
"麻布治療院","東京都港区東麻布三丁目8番11号","2階","070-4027-6112","2016/11/1","あん摩、はり、きゅう","35.656533","139.73743"
"はりきゅうマッサージ　グローバル治療院　汐留シティセンター","東京都港区東新橋一丁目5番2号","汐留シティセンターB2F","03-6218-0270","2020/2/1","あん摩、はり、きゅう","35.665497","139.760881"
"グローバル治療院汐留シティセンターマッサージ＆鍼灸","東京都港区東新橋一丁目5番2号","汐留シティセンター2階","03-3575-9686","2014/8/12","あん摩、はり、きゅう","35.665497","139.760881"
"富士通ハーモニー汐留オフィスヘルスキーピングルーム","東京都港区東新橋一丁目5番2号","汐留シティーセンター23階PacificOceanAtlanticOcean",,"2021/7/12","あん摩","35.665497","139.760881"
"マンダラ・スパ　ザ　ロイヤルパークホテル　アイコニック　東京汐留","東京都港区東新橋一丁目6番3号","マンダラ・スパ ザ ロイヤルパークホテル 東京汐留地下2階","03-6253-1180","2021/4/15","はり、きゅう","35.664143","139.760593"
"株式会社電通マッサージルーム","東京都港区東新橋一丁目8番1号","電通本社ビル3階","03-6216-5111","2002/12/2","あん摩、はり","35.664377","139.762453"
"ハリアップ　カレッタ汐留院","東京都港区東新橋一丁目8番2号","カレッタ汐留地下2階","03-6215-8017","2005/9/1","あん摩、はり、きゅう","35.664459","139.762522"
"安藤・間リラクゼーションルーム","東京都港区東新橋一丁目9番1号","東京汐留ビルディング3階","03-3575-6086","2022/5/9","あん摩、はり、きゅう","35.662940","139.761215"
"ＣＡＲＮＡ鍼灸院","東京都港区東新橋二丁目5番4号","菅家ビル1階","03-6381-5044","2022/12/1","はり、きゅう","35.662653","139.757681"
"ゆうきマタニティーセラピー女性と子どもの鍼灸マッサージ院","東京都港区三田二丁目12番6号",,"03-6435-1960","2012/8/1","あん摩、はり、きゅう","35.649871","139.744037"
"一会堂鍼灸院","東京都港区三田二丁目14番7号","ローレル三田406",,"2022/11/27","はり、きゅう","35.648594","139.744385"
"鍼灸三田治療院","東京都港区三田二丁目14番7号","ロレール三田301","03-3455-6658","2019/1/1","あん摩、はり、きゅう","35.648594","139.744385"
"マッサージ・はり・きゅう　掌の家","東京都港区三田二丁目19番28号",,,"2014/5/7","あん摩、はり、きゅう","35.649031","139.738298"
"あらい鍼灸院","東京都港区三田三丁目1番14号","MA-21 301号室","03-6805-3783","2006/10/2","はり、きゅう","35.647416","139.74425"
"わかば治療院","東京都港区三田三丁目4番6号","マートルコート三田701","080-3013-2650","2016/6/21","はり、きゅう","35.646554","139.743366"
"ほり鍼灸専門治療室","東京都港区三田三丁目4番18号","二葉ビル804","03-3454-7270","2006/6/6","あん摩、はり、きゅう","35.646594","139.744111"
"中西浩太鍼灸マッサージ治療院","東京都港区三田三丁目7番13号","ハイライフ三田1002号","080-5012-9628","2007/7/12","あん摩、はり、きゅう","35.643255","139.741871"
"みた鍼灸院","東京都港区三田三丁目7番15号","302",,"1993/2/4","あん摩、はり、きゅう","35.643022","139.742049"
"ナチュラルリンク施術所","東京都港区三田四丁目17番26号","パティーナ三田台402",,"2016/2/1","あん摩","35.642233","139.739021"
"東指圧治療院","東京都港区三田四丁目19番21号","405","03-3447-5426","1989/2/25","あん摩","35.640409","139.739751"
"わたなべ治療院","東京都港区三田四丁目19番25号","伊皿子坂ハウス104","03-3444-2272","2001/8/6","あん摩、はり、きゅう","35.640579","139.738953"
"鍼灸治療スタジオ　専心良治","東京都港区三田五丁目6番8号","NAKAMURAビル3階","03-3457-6682","2015/6/22","はり、きゅう","35.646634","139.739817"
"はりきゅう指圧龍源寺ハウス治療院","東京都港区三田五丁目9番15号","龍源寺ハウス","080-8814-6373","2015/8/28","あん摩、はり、きゅう","35.646336","139.737322"
"龍源寺龍翔院観音堂療養院","東京都港区三田五丁目9番15号","2階","03-3572-3335","2010/5/27","はり、きゅう","35.646336","139.737322"
"伊藤忠食糧株式会社ヘルスケアルーム","東京都港区南青山一丁目1番1号","新青山ビル西館21階","03-5771-6369","2015/1/26","あん摩","35.672567","139.724714"
"海江田指圧治療院","東京都港区南青山一丁目3番6号",,"03-3401-9677","1983/1/25","あん摩","35.671532","139.725986"
"はり小児鍼マッサージすみ治療院","東京都港区南青山一丁目9番6号","杉浦ビル2階","03-3401-7783","1996/6/18","あん摩、はり、きゅう","35.670451","139.725717"
"あか羽鍼灸院","東京都港区南青山一丁目15番22号","ヴィラ乃木坂101","03-6804-6200","2010/10/12","あん摩、はり、きゅう","35.668154","139.726515"
"乃木坂エルミタージュ鍼灸院","東京都港区南青山一丁目17番2号","YZCUBE C号館","03-6721-1761","2015/8/15","はり、きゅう","35.668240","139.725845"
"鍼灸マッサージ治療院　ハントクラフト","東京都港区南青山一丁目22番3号","グラン南青山101","03-5775-1558","2009/11/9","あん摩、はり、きゅう","35.666791","139.725261"
"はりきゅうマッサージ治療院らるく","東京都港区南青山一丁目22番3号","グラン南青山102","03-6804-6616","2016/4/5","あん摩、はり、きゅう","35.666791","139.725261"
"Ｍ・メソッド","東京都港区南青山一丁目26番16号","乃木坂リリエンハイム606",,"2020/7/1","はり、きゅう","35.667127","139.726984"
"Ｓｈａｒｅｄ治療院","東京都港区南青山二丁目2番15号","ウィン青山321","070-3183-0323","2016/6/10","はり、きゅう","35.671444","139.723779"
"海音堂　鍼灸マッサージ院","東京都港区南青山二丁目2番15号","ウィン青山923","080-6723-3030","2016/9/5","あん摩、はり、きゅう","35.671444","139.723779"
"菅原指圧治療院","東京都港区南青山二丁目2番15号","ウィン青山1123","03-3405-0530","2002/8/1","あん摩","35.671444","139.723779"
"同門鍼灸院","東京都港区南青山二丁目2番15号","ウィン青山1133",,"2015/12/15","はり、きゅう","35.671444","139.723779"
"鍼灸院　トップライン","東京都港区南青山二丁目2番15号","ウィン青山741号室",,"2017/1/16","はり、きゅう","35.671444","139.723779"
"青山鍼整道","東京都港区南青山二丁目2番15号","ウィン青山830号室","03-6908-4213","2018/7/31","はり、きゅう","35.671444","139.723779"
"ホリスティックスタイル　オズ","東京都港区南青山二丁目2番15-309号",,"03-6435-5258","2020/1/10","はり、きゅう","35.671444","139.723779"
"株式会社メディカルジャパン　青山鍼灸院","東京都港区南青山二丁目4番11号","201号室 ランド南青山","03-6300-4207","2020/11/7","あん摩、はり、きゅう","35.671063","139.723121"
"リラクゼーションルーム「ゆるりら」","東京都港区南青山二丁目5番20号","株式会社帝国データバンク本社ビル10階","03-5775-3000","2009/5/11","あん摩、はり、きゅう","35.672113","139.723187"
"Ｒｅｌａｘａｔｉｏｎ　Ｒｏｏｍ　Ｒａｋｕｍｏｍｉ","東京都港区南青山二丁目6番21号","楽天クリムゾンハウス9階","03-6740-6730","2022/7/19","あん摩、はり、きゅう","35.671818","139.722229"
"青山大橋治療院","東京都港区南青山二丁目7番5号","南青山コンド506","03-3402-1477","2008/7/28","あん摩、はり、きゅう","35.670616","139.722634"
"鍼灸・マッサージ　Ｓｕｎｃａｔｃｈｅｒ","東京都港区南青山二丁目7番5号","南青山コンド501",,"2021/9/13","あん摩、はり、きゅう","35.670616","139.722634"
"＃ＳＦＡ　青山","東京都港区南青山二丁目7番8号","クリアスタイル南青山2階","03-6447-4345","2022/2/23","はり","35.670314","139.723063"
"おおした鍼灸院","東京都港区南青山二丁目9番27号","2A","03-3401-8918","2004/7/12","あん摩、はり、きゅう","35.670692","139.721220"
"キュアトリートメントレミュー青山鍼院","東京都港区南青山二丁目12番15号","ユニマット外苑ビル7階","03-5413-6408","2023/3/30","はり","35.671194","139.720516"
"ヘルスケア青山鍼灸指圧治療院","東京都港区南青山二丁目14番6号",,"03-3403-0925","1988/8/8","あん摩、はり、きゅう","35.670061","139.721111"
"醍醐長生館","東京都港区南青山二丁目18番2号","竹中ツインビルB館地下1階","03-6459-2966","2009/3/12","あん摩","35.669436","139.720320"
"ホリスティックセラピーさいとう治療室","東京都港区南青山二丁目18番20号","301(南青山コンパウンド)","03-3408-1955","2021/6/3","あん摩、はり、きゅう","35.669659","139.720160"
"楠鍼灸治療院","東京都港区南青山二丁目20番1号","平野ビル401号","03-3402-7113","2006/4/25","あん摩、はり、きゅう","35.670375","139.719886"
"ハーツ　トリートメントスペース","東京都港区南青山二丁目21番36号","南青山ガーデンコート201","03-5770-5139","2008/4/18","あん摩、はり、きゅう","35.669435","139.718382"
"田中鍼灸指圧治療院","東京都港区南青山二丁目25番10号","エスト南青山2階","03-3475-4631","2007/6/25","あん摩、はり、きゅう","35.669741","139.718125"
"ＳＣＳＫ青山リラクゼーションルーム","東京都港区南青山二丁目26番1号","SCSK青山ビル2階","03-6438-3901","2014/9/9","あん摩","35.669803","139.717706"
"ＣＳＫ健保鍼灸治療室","東京都港区南青山二丁目26番32号","BC青山ビル501号","03-3478-8393","2003/9/1","はり、きゅう","35.669832","139.717455"
"はり・灸・マッサージアキュ・モード","東京都港区南青山二丁目26番34号","北屋ビル3階","03-3478-8267","2004/6/1","あん摩、はり、きゅう","35.669869","139.716998"
"妙鍼堂　東京外苑前店","東京都港区南青山二丁目26番35号","青山KKビル301","090-5651-9986","2015/1/5","はり、きゅう","35.669932","139.717088"
"ＢｅａｕｔｉＱ","東京都港区南青山二丁目27番20号","植村ビル2階","03-3479-6633","2018/4/21","はり、きゅう","35.668908","139.716482"
"外苑前鍼灸接骨院","東京都港区南青山二丁目27番28号","グラン青山701","03-3475-5288","1987/2/1","はり、きゅう","35.669728","139.716851"
"東京青山メディカルケア鍼灸院","東京都港区南青山二丁目28番4号","フクダビル101","03-6804-5765","2014/9/8","はり、きゅう","35.668506","139.718011"
"Ｒｅ：ｔｒｅａｔ　ＨＡＲｉ","東京都港区南青山二丁目29番8号","フロンティアビルディング南青山5階",,"2023/3/1","あん摩、はり、きゅう","35.667939","139.717859"
"キャプラン株式会社　マッサージルーム","東京都港区南青山三丁目1番31号","NBF南青山ビル2階","03-3497-5567","2014/3/5","あん摩","35.668071","139.715997"
"アール治療院・青山外苑前","東京都港区南青山三丁目1番36号","青山丸竹ビル5階","03-3584-6178","2023/1/6","あん摩、はり、きゅう","35.668681","139.715943"
"はりまる開鍼堂","東京都港区南青山三丁目3番11号","メゾン青山1階5号室",,"2007/6/15","はり、きゅう","35.667250","139.716928"
"南青山東洋医学治療院","東京都港区南青山三丁目3番17号",,"03-3475-5127","2005/6/1","あん摩、はり、きゅう","35.667447","139.716459"
"真暖・鍼灸治療院","東京都港区南青山三丁目3番18号","染谷アパート102",,"2021/5/11","あん摩、はり、きゅう","35.665929","139.714937"
"青山ＢＬＡＮＣ","東京都港区南青山三丁目4番8号","KDXレジデンス南青山401","0120-649-041","2018/11/1","あん摩、はり、きゅう","35.667010","139.717267"
"表参道エル鍼灸マッサージ","東京都港区南青山三丁目7番4号","岩崎ビル2階","03-6804-3465","2012/2/15","あん摩、はり、きゅう","35.666943","139.716499"
"南青山ＰＩＣＳ鍼灸院","東京都港区南青山三丁目8番7号","クレアトゥール南青山301","03-6721-0608","2022/6/1","はり、きゅう","35.667176","139.715851"
"とまり木鍼灸院","東京都港区南青山三丁目12番11号","ボワゼ青山3階","03-5785-0599","2018/7/1","あん摩、はり、きゅう","35.666099","139.713702"
"ＡＣＡＤＥＭＩＡ鍼灸院","東京都港区南青山三丁目12番12号","南青山312ビル601","03-6721-1897","2013/7/10","はり、きゅう","35.666126","139.713823"
"ＲｅＣｕＡ　Ｅｓｐａｃｅ　ｄｅ　Ｂｅａｕｔｅ","東京都港区南青山三丁目12番12号","南青山312ビル802号",,"2021/9/16","あん摩、はり、きゅう","35.666126","139.713823"
"ナチュラルキュア表参道鍼灸院","東京都港区南青山三丁目14番3号","2階","03-5775-2723","2011/1/5","あん摩、はり、きゅう","35.665707","139.714655"
"Ｑｉｎｏｗａ　キノワ","東京都港区南青山三丁目14番8号","1F","03-5771-1277","2007/8/17","あん摩、はり、きゅう","35.665494","139.715302"
"表参道ｙａｍａｍｏｔｏ鍼灸院","東京都港区南青山三丁目14番24号","ピロティ青山303",,"2021/3/19","はり、きゅう","35.665221","139.714733"
"セラ治療院","東京都港区南青山三丁目14番26号","CASA CERENA 3階","03-6721-1710","2014/1/28","あん摩、はり","35.667533","139.713344"
"こきゅう南青山鍼灸院","東京都港区南青山三丁目16番14号","プラサーダ青山401","03-6447-1080","2022/6/15","あん摩、はり、きゅう","35.664402","139.714659"
"こきゅう南青山プレミアム鍼灸院","東京都港区南青山三丁目16番14号","プラサーダ青山402","03-6447-1080","2022/6/15","あん摩、はり、きゅう","35.664402","139.714659"
"はりきゅうマッサージ　グローバル治療院表参道","東京都港区南青山三丁目18番20号","ワークス南青山","03-5775-2503","2020/4/30","あん摩、はり、きゅう","35.665298","139.713028"
"ＢＨＹ鍼灸生花","東京都港区南青山三丁目18番20号","南青山松本ビル7階","03-6447-0585","2010/4/28","はり、きゅう","35.665409","139.713058"
"李哲鍼灸院","東京都港区南青山四丁目1番5号","セントラル第1青山ビル205号室","03-6434-9915","2016/4/22","はり、きゅう","35.667449","139.718763"
"スポーツマッサージブルートリート　平林鍼灸院","東京都港区南青山四丁目1番5号","セントラル第一青山105","03-3408-4155","2014/6/12","あん摩、はり、きゅう","35.667449","139.718763"
"鍼灸治療室ヨハネ","東京都港区南青山四丁目7番17号","グリーンヒル101","03-3403-0792","2010/12/20","あん摩、はり、きゅう","35.666324","139.719053"
"カーラ鍼灸院","東京都港区南青山四丁目9番11号","SEBON南青山102","03-6804-3336","2020/10/31","はり、きゅう","35.667125","139.718405"
"総合治療院テコセンター","東京都港区南青山四丁目9番22号","アウラビル地下1階","03-6804-6466","2017/9/1","あん摩、はり、きゅう","35.666714","139.717432"
"サンサーラ鍼灸治療室","東京都港区南青山四丁目9番27号","ビューネ南青山ヒルズ306","03-3401-0933","2010/3/1","あん摩、はり、きゅう","35.667115","139.718066"
"鍼灸Ｍｅａｄｏｗ","東京都港区南青山四丁目25番1号","2階","050-3559-1588","2022/10/4","あん摩、はり、きゅう","35.663234","139.718342"
"榊指圧治療院","東京都港区南青山五丁目4番5号","211","03-5466-0673","2015/1/19","あん摩","35.662943","139.71458"
"青山マッサージサロン","東京都港区南青山五丁目4番6号","パレロワイヤル南青山104号室",,"2019/7/29","あん摩","35.662766","139.714837"
"三宅指圧治療院","東京都港区南青山五丁目4番44号","ラポール南青山54 108号","03-3499-5909","2020/12/1","あん摩","35.662552","139.71368"
"彩良指圧マッサージ","東京都港区南青山五丁目4番44号","ラポール南青山303","03-6427-4826","2013/6/21","あん摩","35.662552","139.71368"
"十全治療院","東京都港区南青山五丁目6番3号","メゾンブランシュ2-3C","03-3406-0598","1994/3/14","あん摩","35.663795","139.712128"
"Ｌｉｌｔｉｎｇ　Ｂｏｄｙ治療院（リルティングボディ）","東京都港区南青山五丁目6番4号","ハイトリオ南青山204号室","03-3797-1155","2014/2/1","あん摩、はり、きゅう","35.663700","139.712240"
"さやか鍼灸院","東京都港区南青山五丁目6番9号","サウス青山マンション402",,"2019/12/20","はり、きゅう","35.663471","139.712339"
"ポポ東洋医学鍼灸治療院","東京都港区南青山五丁目7番17号","小原流会館地下1階","03-5962-7718","2022/12/12","はり、きゅう","35.662333","139.712707"
"東洋医学鍼灸久志田治療所","東京都港区南青山五丁目10番5号","九曜ビル青山ハイツ703号","03-3797-7522","2021/10/1","はり、きゅう","35.662487","139.711362"
"たけした鍼灸院青山","東京都港区南青山五丁目12番10号","エラン南青山202","03-6805-1423","2011/4/15","あん摩、はり、きゅう","35.661441","139.712627"
"サカキコンサルテーションアンドザアーツ","東京都港区南青山五丁目12番24号","シャトー東洋南青山509","03-3498-7708","2001/4/2","あん摩","35.661234","139.712439"
"Ｃ　ｂｙ　ＣＡＬＩＳＴＡ鍼灸サロン","東京都港区南青山五丁目16番3号","メゾン青南401","03-6427-4366","2015/1/27","あん摩、はり、きゅう","35.661025","139.714374"
"南青山指圧","東京都港区南青山五丁目17番2号","シドニービル1002","03-3400-7785","1984/11/6","あん摩","35.660894","139.714597"
"佐々木マッサージ鍼灸院セントラル南青山店","東京都港区南青山六丁目1番3号","B1","03-5468-1191","2019/11/6","あん摩、はり、きゅう","35.662549","139.716429"
"戸田鍼灸院","東京都港区南青山六丁目2番6号","ハイム青山402","03-3406-1537","2005/1/4","はり、きゅう","35.660994","139.715735"
"日本鍼灸院","東京都港区南青山六丁目2番10号","バックボーンハウス6階",,"2018/7/3","はり、きゅう","35.660934","139.715496"
"１９Ｆａｃｔｏｒｙ","東京都港区南青山六丁目8番3号","701","03-6874-3444","2017/6/27","あん摩、はり、きゅう","35.660058","139.716803"
"クインベル表参道","東京都港区南青山六丁目8番6号","603","03-6427-6007","2022/9/10","きゅう、はり、あん摩","35.659946","139.716689"
"心愛治療院","東京都港区南青山六丁目12番4号","三越南青山ハウス502号","03-3493-2517","2013/7/18","あん摩、はり、きゅう","35.660682","139.715227"
"表参道鍼灸マッサージ治療院　自然なからだ","東京都港区南青山六丁目12番11号","YUKEN南青山302","03-6419-7213","2017/11/7","あん摩、はり、きゅう","35.660373","139.715252"
"アキュハーブ　ａｃｕｈｅｒｂ鍼灸治療室","東京都港区南青山六丁目12番11号","YUKEN南青山402","03-6427-3202","2010/7/30","あん摩、はり、きゅう","35.660373","139.715252"
"鍼　立花　元","東京都港区南青山六丁目15番13号","南青山レジデンス602号",,"2020/5/1","はり、きゅう","35.659450","139.713935"
"紺野トレーナーズオフィス","東京都港区南青山七丁目10番14号","アファン南青山401",,"2021/8/23","あん摩、はり、きゅう","35.658925","139.718524"
"朝日針灸マッサージ治療院","東京都港区南麻布一丁目7番24号","朝日南麻布マンション804","03-3452-3766","2004/1/5","あん摩、はり、きゅう","35.650386","139.737326"
"鍼灸整体治療院薫風","東京都港区南麻布一丁目7番24号","1002","03-5476-0246","2004/5/22","あん摩、はり、きゅう","35.650386","139.737326"
"Ｆｌｏｗ　鍼灸院","東京都港区南麻布一丁目7番28号","ヴァレンティア麻布1階","03-6453-6376","2017/2/20","はり、きゅう","35.650768","139.737110"
"鍼灸サロン　ＣＯＣＯＣＨＩ","東京都港区南麻布二丁目2番28号","ベルメゾン南麻布グランド604","03-3451-7767","2021/6/15","はり、きゅう","35.649819","139.734667"
"川島鍼灸治療院","東京都港区南麻布二丁目3番11号","1117",,"2014/11/10","あん摩、はり、きゅう","35.649483","139.736094"
"ＬＯＯＰＬＥ（ループル）鍼灸マッサージ院南麻布","東京都港区南麻布二丁目5番21号","イデア南麻布1階","03-6435-0625","2021/6/1","あん摩、はり、きゅう","35.650020","139.737024"
"鍼灸サロン　ル　レーヴ","東京都港区南麻布二丁目7番30号","リバーサイド304",,"2019/6/20","はり、きゅう","35.648151","139.736941"
"鍼灸院ＭＡＲ","東京都港区南麻布二丁目8番5号","207","03-6809-5644","2020/8/4","あん摩、はり、きゅう","35.648657","139.735607"
"田島千枝子治療室","東京都港区南麻布三丁目3番13号",,"03-5418-5044","2003/10/6","あん摩","35.650389","139.731580"
"飯野鍼療所","東京都港区南麻布三丁目3番28号","1階","03-6409-6357","2014/2/1","はり、きゅう","35.650175","139.731470"
"麻布　ＭＵＳＵＶＩＮＯ鍼灸院","東京都港区南麻布三丁目4番5号","エスセナーリオ南麻布104","03-6450-4915","2021/9/19","あん摩、はり、きゅう","35.649887","139.734846"
"麻布鍼灸治療院","東京都港区南麻布四丁目5番45号","ウォレントコート101",,"2009/3/10","あん摩、はり、きゅう","35.648714","139.724752"
"麻布鍼灸院","東京都港区南麻布四丁目5番45号","ウォレントコート201",,"2020/7/7","あん摩、はり、きゅう","35.648714","139.724752"
"鍼灸院Ｐｏｎ（ポン）","東京都港区南麻布四丁目7番12号","KMハウス1A",,"2014/7/3","はり、きゅう","35.649745","139.728181"
"天現寺鍼灸ＢｏｄｙＣａｒｅ","東京都港区南麻布四丁目12番2号","ピュアーレ広尾201","03-5475-6768","2013/6/14","あん摩、はり","35.647383","139.723991"
"鍼灸マッサージサロン広尾","東京都港区南麻布四丁目14番4号","第2幸ビル2階","03-3445-5360","2019/6/3","あん摩、はり、きゅう","35.646464","139.725148"
"ルートヴィガー鍼灸マッサージ治療所","東京都港区南麻布五丁目1番36号","新陽ビル1階～7階","03-5789-2066","2014/5/1","あん摩、はり、きゅう","35.652767","139.721933"
"株式会社いい生活　マッサージルーム","東京都港区南麻布五丁目2番32号","興和広尾ビル3階","03-5423-7822","2018/12/27","あん摩、はり","35.654676","139.723173"
"（株）インティグレティドゥメディカル研究所","東京都港区南麻布五丁目2番35号","6階","03-5792-5711","2005/4/14","はり、きゅう","35.655053","139.723352"
"ｍｉｄｏｒｉ鍼灸院","東京都港区南麻布五丁目5番7号","有栖川ヒルトップ6階","080-2175-1565","2017/1/24","はり、きゅう","35.653975","139.725954"
"鍼灸活法石井治療院","東京都港区南麻布五丁目10番24号","第二佐野ビル601",,"2021/10/11","はり、きゅう","35.652589","139.722395"
"ｓｕｐｅｒｂ有栖川","東京都港区南麻布五丁目12番16号","アリスガワハウス102","03-6277-4364","2023/3/7","はり、きゅう","35.652658","139.723552"
"はりきゅう坐忘　広尾","東京都港区南麻布五丁目15番16号","ナガツビル5階","03-6277-3397","2019/10/15","はり、きゅう","35.650912","139.722484"
"鍼灸サロンＡＱＵＭＩＮＡ","東京都港区南麻布五丁目16番8号","エルスール広尾2階","03-4405-3478","2018/5/24","あん摩、はり、きゅう","35.651144","139.723352"
"日本オラクル株式会社マッサージルーム","東京都港区元赤坂一丁目3番13号","赤坂センタービル13階","03-6834-6666","2013/8/1","あん摩","35.676928","139.733669"
"赤坂スポーツマッサージルーム","東京都港区元赤坂一丁目5番20号","ロイヤル赤坂サルーン501号","03-5772-2023","2012/3/1","あん摩、はり、きゅう","35.677533","139.732452"
"広済鍼灸院","東京都港区元麻布二丁目1番21号","YSビル301号","03-3445-0887","2006/8/29","はり、きゅう","35.655379","139.726555"
"はりきゅうあん摩マッサージ指圧禅治療院","東京都港区元麻布三丁目1番26号","イワエフラット201","03-3401-7611","1996/11/12","あん摩、はり、きゅう","35.657367","139.72847"
"６５℃","東京都港区元麻布三丁目12番4号","SP元麻布B1","03-6455-4768","2022/6/18","はり、きゅう","35.656086","139.732493"
"横田鍼灸院","東京都港区元麻布三丁目12番44号","コンド十番301号","03-3479-0209","2007/8/1","はり、きゅう","35.656275","139.731612"
"アークヒルズスパマッサージ室","東京都港区六本木一丁目3番40号","アークタワーズウエスト","03-3589-3388","2000/8/1","あん摩、はり","35.666146","139.740494"
"アシュリオン内マッサージルーム","東京都港区六本木一丁目4番5号","アークヒルズサウスタワー11階","03-4577-6800","2018/4/2","あん摩","35.665703","139.739381"
"ヘルスケアルーム","東京都港区六本木一丁目6番1号","泉ガーデンタワー8階","03-6229-0052","2019/3/5","あん摩","35.664823","139.739503"
"ＫＰＭＧ－ＩＧＴマッサージルーム","東京都港区六本木一丁目6番1号","泉ガーデンタワー11階","03-6229-8300","2007/3/1","あん摩","35.664823","139.739503"
"弁護士法人ＶＥＲＹＢＥＳＴ","東京都港区六本木一丁目8番7号","MFPR六本木麻布台ビル11階",,"2019/4/12","あん摩","35.663151","139.739736"
"エーワン東京マッサージ施術所","東京都港区六本木一丁目9番10号","ヒルズスパ仙石山","03-5549-7430","2016/6/6","あん摩","35.663830","139.741901"
"ソフトバンクグループ仙石山マッサージルーム","東京都港区六本木一丁目9番10号","アークヒルズ仙石山森タワー37階","03-6889-2700","2014/6/18","あん摩","35.663662","139.741763"
"鍼灸Ｐｒｉｖａｔｅ　Ｓａｌｏｎ　Ｂ－ＨａｒｉＴ","東京都港区六本木二丁目2番7‐901号",,,"2019/6/21","はり、きゅう","35.667398","139.738892"
"小尾鍼灸院","東京都港区六本木二丁目2番18号","加藤ビル201","03-5562-0359","1998/11/11","あん摩、はり、きゅう","35.668769","139.740195"
"株式会社Ｓｐｅｅｅ　マッサージルーム","東京都港区六本木三丁目2番1号","住友不動産六本木グランドタワー35階","03-5114-1943","2023/3/22","あん摩","35.664718","139.737760"
"ｄｉｐマッサージルーム","東京都港区六本木三丁目2番1号","六本木グランドタワー31階","03-6628-4062","2017/3/14","あん摩、はり","35.664718","139.737760"
"ＴＥＳＥＲＡ","東京都港区六本木三丁目2番1号","六本木グランドタワー2階","03-5544-8878","2022/6/27","はり、きゅう","35.664718","139.737760"
"さく羅井指圧治療院","東京都港区六本木三丁目4番35号","落合三幸ビル602号","03-3589-1724","2008/7/1","あん摩","35.665076","139.736389"
"ＨＡＵＯＬＡ～パーソナルＭＩＮＤ＆ＢＯＤＹ鍼灸～","東京都港区六本木三丁目6番12号","六本木ヒルズ102",,"2021/8/24","はり、きゅう","35.663206","139.736097"
"つぼりす","東京都港区六本木三丁目11番6号","野沢ビル5階","03-6804-5208","2010/10/18","はり","35.663301","139.732933"
"８８針灸マッサージ院","東京都港区六本木三丁目16番35号","イースト六本木704","03-6434-5885","2019/7/15","あん摩、はり、きゅう","35.662651","139.736705"
"かずのマッサージ針灸治療院","東京都港区六本木三丁目18番12号","ゲッツビル6F","03-5570-9088","2006/9/17","あん摩、はり、きゅう","35.661579","139.737287"
"友愛治療院","東京都港区六本木四丁目1番16号","六本木ハイツ508","03-5913-9597","2008/6/8","あん摩","35.664704","139.734596"
"５０１鍼灸院","東京都港区六本木四丁目1番16号","六本木ハイツ501","03-3584-1051","1990/12/12","はり、きゅう","35.664704","139.734596"
"六本木四丁目鍼灸院","東京都港区六本木四丁目5番7号","Studio-D 202","03-3796-3417","2009/10/20","はり、きゅう","35.664815","139.732930"
"吉倉鍼灸院","東京都港区六本木四丁目6番5号","平野ビル2階","03-3402-8869","1999/10/13","あん摩、はり、きゅう","35.664471","139.732466"
"六本木ミッドタウン前鍼灸院","東京都港区六本木四丁目9番5号","ISO六本木ビル2F","03-6721-0066","2023/3/31","はり、きゅう","35.663614","139.732531"
"ゆるり鍼灸院六本木","東京都港区六本木五丁目1番1号","マイアミビル2階","03-3479-6088","2022/5/10","はり、きゅう","35.662953","139.732491"
"株式会社ゴトウ花店ビル鍼灸院","東京都港区六本木五丁目1番3号","ゴトウビルディング1st1階","090-8712-8888","2021/6/28","あん摩、はり、きゅう","35.662680","139.732751"
"アンバーグレース鍼灸院","東京都港区六本木五丁目11番35号","スタイリストセンタービル2階","03-6804-1768","2012/4/19","はり、きゅう","35.658226","139.732768"
"鍼・灸・マッサージ　慈美","東京都港区六本木五丁目13番12号",,"03-6441-2323","2013/7/7","あん摩、はり、きゅう","35.658572","139.735679"
"東洋英和女学院マッサージルーム","東京都港区六本木五丁目14番40号","本部・大学院棟地下2階","03-3583-3325","2008/4/9","あん摩、はり","35.659145","139.735112"
"諏訪長生館六本木分館","東京都港区六本木五丁目16番5号","インペリアル六本木701号","03-3589-6919","2013/10/16","あん摩","35.661819","139.735056"
"（株）エグボック麻布・六本木オリエンタルセラピー","東京都港区六本木五丁目18番20号","六本木ファイブビル301","03-3586-8909","2000/9/1","あん摩、はり、きゅう","35.660759","139.736902"
"ライフラボ鍼灸院","東京都港区六本木六丁目1番4号","丸正小林ビル2階","03-6459-2622","2008/10/7","はり、きゅう","35.662889","139.73258"
"ＴＯＴＡＬ　ＢＯＤＹ　ＣＡＲＥ","東京都港区六本木六丁目4番1号","六本木ヒルズハリウッドビューティープラザ地下2階","03-5414-1077","2011/11/1","あん摩、はり、きゅう","35.661407","139.730038"
"六本木東洋鍼灸院","東京都港区六本木六丁目7番9号","川本ビル201","03-3423-3047","1987/9/4","はり、きゅう","35.66233","139.732488"
"ノキアシーメンスネットワークス株式会社","東京都港区六本木六丁目10番1号","六本木ヒルズ森タワー41階","03-5474-6426","2011/9/26","あん摩","35.660552","139.729276"
"グーグル株式会社　Ｍａｓｓａｇｅ　ｒｏｏｍ１","東京都港区六本木六丁目10番1号","六本木ヒルズ森タワー27階","03-6384-9000","2010/11/9","あん摩、はり、きゅう","35.660552","139.729276"
"ゴールドマン・サックス・ジャパン・ホールディングス有限会社シアツセラピールーム","東京都港区六本木六丁目10番1号","六本木ヒルズ森タワー47階","03-6437-4230","2014/1/6","あん摩","35.660552","139.729276"
"ハリアップ","東京都港区六本木六丁目10番1号","六本木ヒルズ森タワーウェストウォーク6階","03-3403-0866","2005/11/1","あん摩、はり、きゅう","35.660705","139.729207"
"森ビル社内マッサージ室","東京都港区六本木六丁目10番1号","六本木ヒルズ森タワー9階","03-6406-6328","2005/10/24","あん摩","35.660552","139.729276"
"グリー　マッサージルーム","東京都港区六本木六丁目11番16号","中銀六本木マンシオン303","045-227-6275","2022/3/23","あん摩","35.658150","139.732052"
"フランシラ治療院","東京都港区六本木六丁目16番50号","トリプレックス1F","03-5843-0960","2023/3/1","あん摩、はり、きゅう","35.658357","139.728765"
"東洋鍼灸院","東京都港区六本木七丁目3番8号","永谷ヒルプラザ911号","03-3408-0545","2003/8/1","あん摩、はり、きゅう","35.666122","139.727563"
"至坤院・宮内","東京都港区六本木七丁目4番6号","藤和六本木ホームス1101","03-3479-2203","2009/2/3","あん摩、はり、きゅう","35.665354","139.728572"
"指圧療法伝世会","東京都港区六本木七丁目8番25号","永谷リュード六本木907","03-3403-7189","1992/9/25","あん摩、はり、きゅう","35.665386","139.729180"
"中澤鍼灸マッサージ温熱道","東京都港区六本木七丁目12番12号","ふぁみーゆ六本木203号室","03-6878-0349","2022/12/15","あん摩、はり、きゅう","35.664076","139.729728"
"今井鍼灸マッサージ","東京都港区六本木七丁目12番17号",,"03-3401-8494","2000/8/1","あん摩、はり、きゅう","35.663637","139.729348"
"六本木鍼灸指圧　ＫＡＮＯ","東京都港区六本木七丁目12番25号","Green Vessel3階",,"2019/11/30","あん摩、はり、きゅう","35.664266","139.729708"
"ソガ針灸院","東京都港区六本木七丁目13番6号",,"03-3408-2557","1981/8/21","あん摩、はり、きゅう","35.664073","139.730738"
"スポーツマッサージくわばら","東京都港区六本木七丁目15番17号","9階F号室","090-2221-1469","2010/3/18","あん摩、はり、きゅう","35.662292","139.729638"
"蒔田スポーツマッサージ鍼灸治療室","東京都港区六本木七丁目16番8号","マンション渡辺102","03-3408-2638","2003/3/1","あん摩、はり、きゅう","35.663585","139.729887"
"六本木鍼灸マッサージ　寺林治療院","東京都港区六本木七丁目17番16号","米久ビルNo.2 5階","090-1888-5826","2014/5/1","あん摩、はり、きゅう","35.662369","139.729338"
"関口鍼灸治療院　六本木院","東京都港区六本木七丁目17番22号","秀和六本木レジデンス305","03-6804-2533","2017/10/1","はり、きゅう","35.662892","139.728720"
"川井鍼灸院","東京都港区六本木七丁目17番22号",,"03-3405-9277","1999/11/22","はり、きゅう","35.662892","139.728720"
"ひるず鍼灸院","東京都港区六本木七丁目17番22号","秀和六本木レジデンス703","03-6384-5507","2020/5/24","はり、きゅう","35.662892","139.728720"
"結美治療室","東京都港区六本木七丁目18番5号","ソフィア六本木410","03-3401-4166","1996/12/13","あん摩","35.662088","139.728764"
"斉藤治療所","東京都港区六本木七丁目18番5号","ソフィア六本木108","03-3470-1697","1998/2/23","あん摩、はり、きゅう","35.662088","139.728764"
"六本木七丁目鍼灸院","東京都港区六本木七丁目18番5号","ソフィア六本木109号","03-5474-0588","2010/10/28","はり、きゅう","35.662088","139.728764"
"体のサポートつぼ工房","東京都港区六本木七丁目18番5号508",,"03-3475-0575","2022/5/30","はり、きゅう","35.662103","139.728739"
"シーボン六本木鍼灸院","東京都港区六本木七丁目18番12号","シーボンview2階","03-3404-7535","2008/9/2","はり、きゅう","35.662037","139.728965"
"ポリゴンマジック株式会社　社内マッサージルーム","東京都港区六本木七丁目18番18号","住友不動産六本木通ビル2階","03-5771-2771","2014/9/11","あん摩、はり","35.662066","139.728461"
"美智志多長生館","東京都港区六本木七丁目20番8号","ベルメゾン六本木タワーズ302号","03-3403-2630","2016/8/25","あん摩","35.662601","139.727503"

"施術所（あはき）一覧(令和5年3月31日現在)","Ver202303",,,,,,
