{έ–ΌΜ,{έ—X•Φ”Τ†,{έέ’n,{έ“db”Τ†,‰c‹Ζ–Ό,ν•Κ–ΌΜ,‹–‰Β”N“ϊ
•‡—u‰€,520-0116,‘ε’Γsβ–{l’–Ϊ‚T|‚P‚V,077-578-0567,”®‰οΠ•‡—u‰€,—·ΩEƒzƒeƒ‹‰c‹Ζ,S25/03/31
Ό’|—·Ω,520-0047,‘ε’Γs•l‘ε’Γ“ρ’–Ϊ‚T|‚R,077-522-6579,Ό‘Ί@mi,—·ΩEƒzƒeƒ‹‰c‹Ζ,S29/05/18
‹›΄,520-0242,‘ε’Γs–{“cκ’–Ϊ‚P‚V|‚R,077-572-0009,—Lΐ‰οΠ‹›΄,—·ΩEƒzƒeƒ‹‰c‹Ζ,S35/02/22
³–Κ¬‰®,520-0511,‘ε’Γs“μ”δ—Η•½Ξ,,’†‘Ί@d,ΘΥh‰c‹Ζ,S38/01/30
‚ά‚Μ‘‘,520-0241,‘ε’Γs΅“cO’–Ϊ‚Q‚T|‚P‚O,077-572-1298,”®‰οΠƒ}ƒLƒmƒXƒL[ƒZƒ“ƒ^[,—·ΩEƒzƒeƒ‹‰c‹Ζ,S38/11/29
–―h‚Ά‚©‚Ά,520-0514,‘ε’Γs–ΨΛ‚X‚W‚T|‚Q,077-592-0008,’–”@—m,ΘΥh‰c‹Ζ,S39/05/12
‚Ρ‚νΞ‰ΤX“Ή,520-0101,‘ε’Γs—Y‹Υκ’–Ϊ‚P|‚R,077-578-1075,”®‰οΠ‘‰Ψ‘‘,—·ΩEƒzƒeƒ‹‰c‹Ζ,S39/10/01
ƒ}ƒ‹ƒƒV•ΚΩ,520-0502,‘ε’Γs“μ¬Ό‚P‚O‚X‚T,077-596-1056,‹g΄@GM,ΘΥh‰c‹Ζ,S41/11/29
‚Ρ‚νΞη’Ή‘‘,520-0523,‘ε’Γsaη“μ•l‚S‚O‚R|‚Q‚P,077-594-0035,’‡μ@‹I‘γκ,—·ΩEƒzƒeƒ‹‰c‹Ζ,S42/08/01
u‚Γ‰®@—·Ω,520-2279,‘ε’Γs•’Γ“ρ’–Ϊ‚P‚S|‚R,077-546-0036,•Π‰@@άY,—·ΩEƒzƒeƒ‹‰c‹Ζ,S44/01/22
“ϊ‹g‰οΩ,520-0113,‘ε’Γsβ–{ά’–Ϊ‚P|‚P,077-578-0009,@‹³–@l“ϊ‹g‘εΠ,—·ΩEƒzƒeƒ‹‰c‹Ζ,S44/03/25
‚Ρ‚ν‚±Vl‚Μ‰Ζ,520-0114,‘ε’Γs‘ΎO’–Ϊ‚W|‚Q,077-578-0446,κ”Κΰ’c–@lς‰ο,ΘΥh‰c‹Ζ,S45/01/26
“ϊ–{“d‹CΙq@Ι—FƒNƒ‰ƒu,520-0826,‘ε’Γs’ί‚Μ—Ά‚P‚V|‚P‚V,077-524-3804,”®‰οΠ“ϊ–{“d‹CΙq,—·ΩEƒzƒeƒ‹‰c‹Ζ,S45/05/21
‘ε’Λ»–ς”®‰οΠ@‘ε’Λ”δ‰bR‘‘,520-0016,‘ε’Γs”δ‰b•½κ’–Ϊ‚S‚R|‚Q‚X,077-529-2026,‘ε’Λ»–ς”®‰οΠ,—·ΩEƒzƒeƒ‹‰c‹Ζ,S45/12/03
h¬,520-0105,‘ε’Γs‰Ίγ–{l’–Ϊ‚Q|‚P‚P,077-578-2719,΅δ@–«,ΘΥh‰c‹Ζ,S46/05/25
ƒAƒ„ƒnƒ[ƒNƒTƒCƒhƒzƒeƒ‹,520-0801,‘ε’Γs‚Ι‚¨‚Μ•lO’–Ϊ‚Q|‚Q‚T,077-524-2321,”®‰οΠƒAƒ„ƒnƒ[ƒNƒTƒCƒhƒzƒeƒ‹,—·ΩEƒzƒeƒ‹‰c‹Ζ,S47/03/08
“c•£C‰^‚Ρ‚ν‚±ƒƒbƒW,520-0515,‘ε’Γs”‰®ΛΑƒ–δ‚S‚R|‚R,077-592-1180,“c•£C‰^”®‰οΠ,—·ΩEƒzƒeƒ‹‰c‹Ζ,S48/05/15
V“‚θ‘‘,520-0105,‘ε’Γs‰Ίγ–{Z’–Ϊ‚R|‚R‚Q,077-578-0409,“c’†@Fq,ΘΥh‰c‹Ζ,S48/09/19
–k¬Όƒ”ƒBƒ‰,520-0501,‘ε’Γs–k¬Ό‘ε–ε‚P‚V‚S‚W,077-596-1139,“‡–μH‹Ζ”®‰οΠ,—·ΩEƒzƒeƒ‹‰c‹Ζ,S50/02/24
Ξ“ν‰ΤR‘‘,520-0473,‘ε’Γs‹μ”~ƒm–Ψ’¬‚U‚P|‚P,077-399-2470,”®‰οΠΞ“ν‰ΤR‘‘,—·ΩEƒzƒeƒ‹‰c‹Ζ,S50/11/18
•μ’ρχ,520-0861,‘ε’ΓsΞR›κ’–Ϊ‚Q|‚Q‚P,077-537-1187,”®‰οΠ•μ’ρχ,—·ΩEƒzƒeƒ‹‰c‹Ζ,S51/03/05
“μ‹½‘‘@‘εΞ“X,520-2263,‘ε’Γs‘εΞ’†’¬‚P‚W‚T,077-546-1336,‰Ν“‡@•¶],—·ΩEƒzƒeƒ‹‰c‹Ζ,S51/03/10
R@,520-0523,‘ε’Γsaη“μ•l‚P‚Q‚T,077-594-1022,R“c@w,ΘΥh‰c‹Ζ,S51/11/06
—Ά“’Μb—YR‘‘,520-0101,‘ε’Γs—Y‹Υκ’–Ϊ‚X|‚Q‚W,077-578-1144,‘ε’ΓΟυ”®‰οΠ,—·ΩEƒzƒeƒ‹‰c‹Ζ,S53/04/24
—·Ω“‚‹΄,520-0851,‘ε’Γs“‚‹΄’¬‚P‚V|‚U,077-537-1002,—Lΐ‰οΠ“‚‹΄,—·ΩEƒzƒeƒ‹‰c‹Ζ,S53/06/01
 ‰κ§Β”N‰οΩ,520-0851,‘ε’Γs“‚‹΄’¬‚Q‚R|‚R,077-537-2753,κ”Κΰ’c–@l ‰κ§Β”N‰οΩ,ΘΥh‰c‹Ζ,S53/06/09
ƒ†[ƒXƒzƒXƒeƒ‹a“τ•lΒ”N‰οΩ,520-0523,‘ε’Γsaη“μ•l‚S‚O‚R,077-594-0244,–k‘Ί@³l,ΘΥh‰c‹Ζ,S53/11/30
‹ΰ“°,520-0241,‘ε’Γs΅“cO’–Ϊ‚Q‚S|‚P‚R,077-572-1320,R–{@_i,—·ΩEƒzƒeƒ‹‰c‹Ζ,S53/12/05
’g“”Ω‚«‚­‚Μ‚β,520-0101,‘ε’Γs—Y‹ΥZ’–Ϊ‚P|‚Q‚X,077-578-1281,”®‰οΠ‚«‚­‚Μ‚β,—·ΩEƒzƒeƒ‹‰c‹Ζ,S54/03/13
“ϊo”ό‘‘,520-0523,‘ε’Γsaη“μ•l‚S‚O‚R|‚R‚P,077-594-0237,X³@–«,—·ΩEƒzƒeƒ‹‰c‹Ζ,S54/10/02
”ϊ”iΞƒOƒ‰ƒ“ƒhƒzƒeƒ‹,520-0101,‘ε’Γs—Y‹ΥZ’–Ϊ‚T|‚P,077-579-2111,”®‰οΠ”ϊ”iΞƒOƒ‰ƒ“ƒhƒzƒeƒ‹,—·ΩEƒzƒeƒ‹‰c‹Ζ,S54/10/27
“ϊ–{V–ς”®‰οΠu‰κ‘‘,520-0513,‘ε’Γsrμ–k”¨‚V‚P‚V|‚S,077-592-0138,“ϊ–{V–ς”®‰οΠ,—·ΩEƒzƒeƒ‹‰c‹Ζ,S55/04/24
ƒXƒƒ“‘‘,520-0502,‘ε’Γs“μ¬Ό‚P‚O‚U‚U,077-596-0209,μ‡@‹vι,—·ΩEƒzƒeƒ‹‰c‹Ζ,S55/07/17
Ξ”Θ‘‘,520-0502,‘ε’Γs“μ¬Ό‚P‚O‚O,077-596-0155,•ΠR@η‘γq,—·ΩEƒzƒeƒ‹‰c‹Ζ,S56/06/16
‹“s’†‰›M—p‹ΰΙ•Ϋ—{Ό‚Ρ‚νΞ—Ύ,520-0101,‘ε’Γs—Y‹Υά’–Ϊ‚P‚O|‚P‚Q,077-578-3874,‹“s’†‰›M—p‹ΰΙ,—·ΩEƒzƒeƒ‹‰c‹Ζ,S56/07/10
@‹³–@l@–­“Ή‰ο‹³’cΉ’nh”‘,520-0527,‘ε’ΓsI΄Ό›’¬‚P‚U‚P‚P|‚P‚U‚R‚T,077-594-0502,@‹³–@l–­“Ή‰ο‹³’c,—·ΩEƒzƒeƒ‹‰c‹Ζ,S57/03/26
‚¦‚θ΄,520-0101,‘ε’Γs—Y‹ΥZ’–Ϊ‚P|‚P‚X,077-578-2424,‰““΅@½,—·ΩEƒzƒeƒ‹‰c‹Ζ,S57/05/24
—YΌΪ,520-0502,‘ε’Γs“μ¬Ό‚P‚O‚X‚T,077-596-0027,βE“c@‰,—·ΩEƒzƒeƒ‹‰c‹Ζ,S58/04/23
—Y‹Υ‘‘,520-0101,‘ε’Γs—Y‹ΥZ’–Ϊ‚P|‚Q‚S,077-578-1390,”®‰οΠ—Y‹Υ‘‘,—·ΩEƒzƒeƒ‹‰c‹Ζ,S59/02/22
 ‰κ§—§ƒXƒ|[ƒc‰οΩ,520-0037,‘ε’Γsδ—Λ’¬‚S|‚P,077-522-0301, ‰κ§,ΘΥh‰c‹Ζ,S59/08/01
ƒzƒeƒ‹@ƒtƒB[ƒ‹,520-0011,‘ε’Γs“μu‰κκ’–Ϊ‚P‚W|‚P‚W,077-522-0811,—Lΐ‰οΠ“΅‹»‹Ζ,—·ΩEƒzƒeƒ‹‰c‹Ζ,S59/10/15
‘ε–{R@‰~–‰@@O–§“a,520-0036,‘ε’Γs‰€ι›’¬‚R‚R,077-522-3690,@‹³–@lΆ–‰@,—·ΩEƒzƒeƒ‹‰c‹Ζ,S60/01/31
ƒzƒeƒ‹•—F‚Μƒr[ƒiƒX,520-0106,‘ε’Γs“‚θκ’–Ϊ‚Q‚Q|‚P‚U,077-578-2722,—Lΐ‰οΠƒS[ƒ‹ƒh,—·ΩEƒzƒeƒ‹‰c‹Ζ,S60/02/12
‹“s‹βs’N•Ϋ―‘g‡”δ—Η•l‘‘,520-0503,‘ε’Γs–k”δ—Η‚Q‚Q‚O”Τ’n,077-596-0175,‹“s‹βs’N•Ϋ―‘g‡,—·ΩEƒzƒeƒ‹‰c‹Ζ,S61/01/04
ƒzƒeƒ‹‘ε’Γ,520-0011,‘ε’Γs“μ ‰κ’¬”φγ‚X‚V‚P|‚P,077-524-3518,R“c@‰q,—·ΩEƒzƒeƒ‹‰c‹Ζ,S61/02/21
ƒyƒ“ƒVƒ‡ƒ“ƒ[ƒNƒTƒCƒh,520-0503,‘ε’Γs–k”δ—Η‚Q‚P‚W,077-596-0577,’†‘Ί@M,ΘΥh‰c‹Ζ,S61/03/07
ƒƒuƒ,520-0241,‘ε’Γs΅“cO’–Ϊ‚Q|‚Q,077-573-5656,”®‰οΠƒƒuƒ,—·ΩEƒzƒeƒ‹‰c‹Ζ,S61/06/18
ƒoƒCƒI”ϊ”i,520-0501,‘ε’Γs–k¬Ό‰κ‰®K‚P‚P‚U‚O,077-596-0224,ƒƒCƒ„ƒ‹Ου”®‰οΠ,ΘΥh‰c‹Ζ,S61/07/24
ƒrƒ…[ƒƒbƒW”ϊ”i,520-0241,‘ε’Γs΅“cO’–Ϊ‚Q‚S|‚V,077-572-1317,”®‰οΠƒrƒ…[ƒƒbƒW”ϊ”i,—·ΩEƒzƒeƒ‹‰c‹Ζ,S62/03/17
‘ε’Γs—§‹μ­”N©‘R‚Μ‰Ζ,520-0475,‘ε’Γs‹μ–V‘Ί’¬‚Q‚S‚R,077-599-2102,‘ε’Γs,ΘΥh‰c‹Ζ,S62/06/10
”ϊ”iƒƒCƒNƒI[ƒcƒJ,520-0502,‘ε’Γs“μ¬Ό‚P‚O‚T‚S|‚R,077-596-1711,”®‰οΠ‘ε’Λ¤‰ο,—·ΩEƒzƒeƒ‹‰c‹Ζ,S62/07/25
‚ΰ‚­‚ΰ‚­,520-0475,‘ε’Γs‹μ–V‘Ί’¬‚ψ‚P‚W‚O,077-599-2507,Ι“΅@”,ΘΥh‰c‹Ζ,S63/07/26
ƒ[ƒNƒvƒ‰ƒU”δ‰b,520-0241,‘ε’Γs΅“cO’–Ϊ‚Q‚T|‚U,077-573-6632,όR@O,—·ΩEƒzƒeƒ‹‰c‹Ζ,H01/06/08
h‰®‚«‚ζ‚έ‘‘,520-0241,‘ε’Γs΅“cO’–Ϊ‚Q‚T|‚P‚R,077-573-7111,R“c@‰p“ρ,—·ΩEƒzƒeƒ‹‰c‹Ζ,H01/11/01
ƒrƒWƒlƒXƒzƒeƒ‹Ξ,520-0055,‘ε’Γst“ϊ’¬‚Q|‚P‚P,077-521-5161,β–μ@”q,—·ΩEƒzƒeƒ‹‰c‹Ζ,H01/11/28
‰OΨ”‹δy•”ƒƒ][ƒg”ϊ”iΞ,520-0513,‘ε’Γsrμ–k”¨‚V‚Q‚Q|‚P,077-592-0290,‰OΨ””®‰οΠ,—·ΩEƒzƒeƒ‹‰c‹Ζ,H01/12/01
‚g‚h‚q‚`@‚g‚n‚s‚d‚k,520-0503,‘ε’Γs–k”δ—Η‚X‚U‚T,077-535-9155,”δ—Ηƒƒ][ƒg”®‰οΠ,ΘΥh‰c‹Ζ,H03/07/20
ƒzƒeƒ‹ƒuƒ‹[ƒ[ƒN‘ε’Γ,520-0047,‘ε’Γs•l‘ε’Γκ’–Ϊ‚S|‚P‚Q,077-524-0200,ƒPƒCƒAƒC‹»‹Ζ”®‰οΠ,—·ΩEƒzƒeƒ‹‰c‹Ζ,H03/10/28
‚Ρ‚νΞ‘ε’Γƒvƒƒ“ƒXƒzƒeƒ‹,520-0801,‘ε’Γs‚Ι‚¨‚Μ•ll’–Ϊ‚V|‚V,077-521-1111,”®‰οΠΌ•Eƒvƒƒ“ƒXƒzƒeƒ‹ƒYƒ[ƒ‹ƒhƒƒCƒh,—·ΩEƒzƒeƒ‹‰c‹Ζ,H04/10/01
—Lΐ‰οΠ“ρ—t‰®,520-0865,‘ε’Γs“μ‹½ά’–Ϊ‚P‚T|‚V,077-537-1255,—Lΐ‰οΠ“ρ—t‰®,—·ΩEƒzƒeƒ‹‰c‹Ζ,H05/05/28
 ‰κ§•κq•ƒ{έ@‚Μ‚Ό‚έ‘‘,520-0801,‘ε’Γs‚Ι‚¨‚Μ•ll’–Ϊ‚R|‚Q‚U,077-522-3704,Π‰ο•ƒ–@l ‰κ§•κq•ƒ‚Μ‚Ό‚έ‰ο,—·ΩEƒzƒeƒ‹‰c‹Ζ,H05/06/18
‚δ‚¤‚Ή‚ρ”ϊ”iΞ•Κ‘‘,520-0515,‘ε’Γs”‰®Λ‚R‚X|‚P‚O,077-592-1591,”®‰οΠ‚t‚r‚d‚m,—·ΩEƒzƒeƒ‹‰c‹Ζ,H05/07/26
Ό‰hΩ,520-0502,‘ε’Γs“μ¬Ό‚P‚O‚X‚T,077-596-0057,Nδ@–La,ΘΥh‰c‹Ζ,H06/03/15
‚Ν‚ά‚Ά‚ΏG…‰‘,520-0523,‘ε’Γsaη“μ•l‚Q‚R‚S,077-594-0025,¶•”@•q‹v,—·ΩEƒzƒeƒ‹‰c‹Ζ,H06/09/14
“’³Ϊ,520-0102,‘ε’Γs•c­“ρ’–Ϊ‚R‚O|‚V,077-578-1520,”®‰οΠ“’³Ϊ,—·ΩEƒzƒeƒ‹‰c‹Ζ,H06/12/28
‹ί]•‘qƒzƒeƒ‹,520-0502,‘ε’Γs“μ¬Ό‚P‚O‚X‚W,077-596-1010,”®‰οΠƒzƒeƒ‹‹γ,—·ΩEƒzƒeƒ‹‰c‹Ζ,H07/03/28
”®‰οΠ@ƒzƒeƒ‹ƒAƒ‹ƒtƒ@[ƒƒ“‘ε’Γ,520-0051,‘ε’Γs”~—Ρ“ρ’–Ϊ‚U|‚Q‚W,077-523-6677,”®‰οΠƒzƒeƒ‹ƒAƒ‹ƒtƒ@[ƒƒ“‘ε’Γ,—·ΩEƒzƒeƒ‹‰c‹Ζ,H07/12/13
“‰€,520-0054,‘ε’Γs§β“ρ’–Ϊ‚T|‚Q‚R,077-523-0590,‘Oμ@G—Y,—·ΩEƒzƒeƒ‹‰c‹Ζ,H08/01/01
‚Ρ‚ν‚±—Ξ…’ΰ,520-0101,‘ε’Γs—Y‹ΥZ’–Ϊ‚P|‚U,077-577-2222,”®‰οΠ—Ξ…’ΰ,—·ΩEƒzƒeƒ‹‰c‹Ζ,H08/03/11
ƒzƒeƒ‹ƒuƒ‹[ƒ[ƒN‘ε’Γ‚`‚m‚m‚d‚w,520-0047,‘ε’Γs•l‘ε’Γκ’–Ϊ‚S|‚P‚Q,077-524-0200,ƒPƒCƒAƒC‹»‹Ζ”®‰οΠ,—·ΩEƒzƒeƒ‹‰c‹Ζ,H08/07/24
”δ—Ηƒ[ƒNƒnƒEƒX,520-0503,‘ε’Γs–k”δ—Η‚Q‚S‚Q,077-596-0173,‘ε––Y‹Ζ”®‰οΠ,ΘΥh‰c‹Ζ,H08/07/24
O–ξƒyƒ“ƒVƒ‡ƒ“ƒ“,520-0502,‘ε’Γs“μ¬Ό‚P‚P‚X,077-596-1144,O–ξ@‘Ύs,—·ΩEƒzƒeƒ‹‰c‹Ζ,H08/10/18
‚ ‚έM—Ώ—@V‹ί]•ΚΩ,520-0831,‘ε’ΓsΌ΄’¬‚P‚W|‚P‚O,077-537-1980,—Lΐ‰οΠV‹ί]•ΚΩ,—·ΩEƒzƒeƒ‹‰c‹Ζ,H09/06/05
‹ί]©wΩ,520-0015,‘ε’Γs_‹{’¬‚P|‚P,077-524-3905,ΰ’c–@l“V’qΉ“Ώ•¶‹³ΰ’c,ΘΥh‰c‹Ζ,H09/07/25
”ϊ”iΞƒzƒeƒ‹,520-0041,‘ε’Γs•l’¬‚Q|‚S‚O,077-524-1257,‹γƒzƒeƒ‹ƒY•ƒƒ][ƒc”®‰οΠ,—·ΩEƒzƒeƒ‹‰c‹Ζ,H10/09/01
‘‰Ζφ–±υ‹¤Ο‘g‡A‡‰ο‚Ρ‚ν‚±•Ϋ—{,520-0105,‘ε’Γs‰Ίγ–{κ’–Ϊ‚P|‚P,077-578-2020,‘‰Ζφ–±υ‹¤Ο‘g‡A‡‰ο,—·ΩEƒzƒeƒ‹‰c‹Ζ,H10/10/06
ƒzƒeƒ‹ƒsƒAƒU‚Ρ‚νΞ,520-0801,‘ε’Γs‚Ι‚¨‚Μ•lκ’–Ϊ‚P|‚Q‚O,077-527-9186,’n•ϋEυ‹¤Ο‘g‡ ‰κ§x•”,—·ΩEƒzƒeƒ‹‰c‹Ζ,H11/01/05
ƒR[ƒgEƒ_ƒWƒ…[ƒ‹,520-2144,‘ε’Γs‘εµ’–Ϊ‘yƒGƒ‚R‚Q‚V‚O|‚P,077-544-5567,—Lΐ‰οΠƒGƒCƒgΟυ,—·ΩEƒzƒeƒ‹‰c‹Ζ,H11/05/07
‚³‚΄‚Θ‚έ‘‘,520-0502,‘ε’Γs“μ¬Ό‚Q‚V|‚R,077-596-0072,Ό“c@Kq,ΘΥh‰c‹Ζ,H11/07/16
ƒrƒWƒlƒX—·Ω‚Ρ‚ν•l‘‘,520-0516,‘ε’Γs“μ‘DH‚R,077-592-2676,–…”φ@—F—L,—·ΩEƒzƒeƒ‹‰c‹Ζ,H11/10/01
ƒX[ƒp[ƒzƒeƒ‹‘ε’Γ‰w‘O,520-0044,‘ε’Γs‹’¬O’–Ϊ‚Q|‚V,077-522-9000,”®‰οΠƒX[ƒp[ƒzƒeƒ‹,—·ΩEƒzƒeƒ‹‰c‹Ζ,H12/12/28
—·Ω‚¨‚©‚ΰ‚Ζ‘‘,520-0232,‘ε’Γs^–μά’–Ϊ‚Q‚R|‚Q,077-573-1347,‰–{@‰,—·ΩEƒzƒeƒ‹‰c‹Ζ,H13/03/01
‚Β‚Ϊ‚½‰®,520-0865,‘ε’Γs“μ‹½ά’–Ϊ‚Q‚S|‚U,077-537-0123,’Ψ“c@•Ϋ•F,—·ΩEƒzƒeƒ‹‰c‹Ζ,H13/05/18
ƒsƒAƒXƒOƒ‹[ƒvƒ\ƒtƒBƒEƒbƒh,520-0501,‘ε’Γs–k¬Ό‚P‚U‚O‚P,077-596-1640,ƒsƒAƒX@ƒVƒeƒBƒA[ƒN”®‰οΠ,—·ΩEƒzƒeƒ‹‰c‹Ζ,H14/05/08
Ό‹³›¤C“Ήκ,520-0113,‘ε’Γsβ–{ά’–Ϊ‚P‚R|‚P,077-578-0013,@‹³–@lΌ‹³›,ΘΥh‰c‹Ζ,H15/03/31
ƒƒ\ƒ“,520-0503,‘ε’Γs–k”δ—Η‚P‚O‚R‚X|‚S‚T,077-596-1657,—Lΐ‰οΠX‚Μ¶,—·ΩEƒzƒeƒ‹‰c‹Ζ,H16/05/31
ϋPΛ,520-0502,‘ε’Γs“μ¬Ό‚P‚O‚W‚T|‚R,077-596-1339,ϋPΛ@M‹`,—·ΩEƒzƒeƒ‹‰c‹Ζ,H16/11/15
‰„—ο›‰οΩ,520-0116,‘ε’Γsβ–{–{’¬‚S‚Q‚Q‚O”Τ’n,077-578-0047,‰„—ο›,—·ΩEƒzƒeƒ‹‰c‹Ζ,H17/07/20
”ϊ”iΞu“Vh‚Μ‰Ζv,520-0502,‘ε’Γs“μ¬Ό‚P‚O‚X‚T|‚Q‚T,077-596-1179,’–£@’‰’Ό,—·ΩEƒzƒeƒ‹‰c‹Ζ,H17/08/03
“’‚Μh–Ψ‚ΰ‚κ‚Ρ,520-0102,‘ε’Γs•c­“ρ’–Ϊ‚R‚O|‚P,077-579-8585,”®‰οΠ–Ψ‚ΰ‚κ‚Ρ,—·ΩEƒzƒeƒ‹‰c‹Ζ,H17/10/15
ƒ}ƒ`ƒCƒnƒEƒX,520-0474,‘ε’Γs‹μ’¬‹’¬‚P‚W‚Q|‚Q,,o‰_@—Tj,ΘΥh‰c‹Ζ,H18/02/20
ƒOƒ‰ƒ“ƒh@ƒLƒƒƒjƒIƒ“,520-0102,‘ε’Γs•c­O’–Ϊ‚W|‚P‚S,077-579-2007,—Lΐ‰οΠƒOƒ‰ƒ“ƒhEƒLƒƒƒjƒIƒ“,—·ΩEƒzƒeƒ‹‰c‹Ζ,H18/09/11
ƒzƒƒf[ƒAƒtƒ^ƒk[ƒ“,520-0503,‘ε’Γs–k”δ—Η‚X‚S‚W|‚P‚O,077-596-2206,ƒzƒƒf[ƒAƒtƒ^ƒk[ƒ“”®‰οΠ,—·ΩEƒzƒeƒ‹‰c‹Ζ,H19/01/01
ƒUƒOƒ‰ƒ“ƒƒ][ƒg‹ί]•‘q,520-0502,‘ε’Γs“μ¬Ό‚P‚S‚T‚S,077-596-0377,”®‰οΠ‚g‚d‚r‚s‚`‘ε‘q,—·ΩEƒzƒeƒ‹‰c‹Ζ,H19/03/09
‚±‚Ζ‚δ‚¤i…‹j,520-0102,‘ε’Γs•c­O’–Ϊ‚X|‚T,077-577-3160,”®‰οΠ“VκH•i¤–,—·ΩEƒzƒeƒ‹‰c‹Ζ,H19/12/21
•‘qƒnƒbƒg,520-0503,‘ε’Γs–k”δ—Η‚X‚T‚V|‚P‚V,077-596-8190,”®‰οΠ•‘qƒnƒbƒg,—·ΩEƒzƒeƒ‹‰c‹Ζ,H19/12/25
‚έ‚Μ‚θ‚Μ‚¨“X@R‘Ί—·Ω,520-0513,‘ε’Γsrμ‚P‚T‚V|‚R,077-592-0948,R‘Ί@ΐ,—·ΩEƒzƒeƒ‹‰c‹Ζ,H20/08/01
’|¶,520-0502,‘ε’Γs“μ¬Ό‚P‚O‚X‚T,077-596-0789,‹΄μ@•¶b,ΘΥh‰c‹Ζ,H20/09/10
ƒzƒeƒ‹@ƒ‰ƒ”ƒBƒAƒ“@ƒ\ƒtƒg,520-2144,‘ε’Γs‘εµ’–Ϊ‚R‚Q‚V‚O|‚U,077-544-5371,”®‰οΠi,—·ΩEƒzƒeƒ‹‰c‹Ζ,H20/12/01
‚a‚r‚bƒEƒH[ƒ^[ƒXƒ|[ƒcƒZƒ“ƒ^[,520-0516,‘ε’Γs“μ‘DH‚R,077-592-0127,”®‰οΠƒr[ƒGƒXƒV[EƒCƒ“ƒ^[ƒiƒVƒ‡ƒiƒ‹,ΘΥh‰c‹Ζ,H21/03/18
“‰΅ƒCƒ“‹“s”ϊ”iΞ‘ε’Γ,520-0046,‘ε’Γs’·“™“ρ’–Ϊ‚P|‚Q‚W,077-510-1045,”®‰οΠ“‰΅ƒCƒ“,—·ΩEƒzƒeƒ‹‰c‹Ζ,H21/10/02
”ϊ”iΞ–“ϊ‘‘,520-0525,‘ε’Γs¬–μ‚R‚O‚U|‚P‚U,,‰€@ςκ,ΘΥh‰c‹Ζ,H21/10/05
ƒXƒ}ƒCƒ‹ƒzƒeƒ‹‘ε’Γ£“c,520-2144,‘ε’Γs‘εκ’–Ϊ‚P‚R|‚P‚P,077-543-2511,”®‰οΠƒzƒXƒsƒ^ƒƒeƒBƒIƒyƒ[ƒVƒ‡ƒ“ƒY,—·ΩEƒzƒeƒ‹‰c‹Ζ,H21/10/23
•‘q‰®,520-0502,‘ε’Γs“μ¬Ό‚P‚O‚X‚U|‚P,077-596-0130,’†–μ@‘Χ—Y,ΘΥh‰c‹Ζ,H21/10/29
ƒJƒtƒF•ƒQƒXƒgƒnƒEƒX@‚ ‚ρ,520-0837,‘ε’Γs’†―“ρ’–Ϊ‚P‚O|‚R‚T,077-523-0869,“΅ΰV@C΅,ΘΥh‰c‹Ζ,H22/10/26
ƒ‰ƒbƒNƒzƒeƒ‹‘ε’ΓΞR,520-0832,‘ε’ΓsΎ’Γ’¬‚X|‚Q‚P,077-533-0660,ƒ‰ƒbƒNƒzƒeƒ‹”®‰οΠ,—·ΩEƒzƒeƒ‹‰c‹Ζ,H23/02/21
‚Ρ‚ν‚±y‰€ƒzƒeƒ‹δ“›,520-0105,‘ε’Γs‰Ίγ–{κ’–Ϊ‚Q‚X|‚X,077-577-2235,”®‰οΠΞ‘—Ώ—δ“›,—·ΩEƒzƒeƒ‹‰c‹Ζ,H23/10/17
”δ—ΗR‘‘,520-0475,‘ε’Γs‹μ–V‘Ί’¬‚X‚S,077-599-2058,”®‰οΠ”δ—ΗR‘‘,—·ΩEƒzƒeƒ‹‰c‹Ζ,H24/01/20
ƒzƒeƒ‹ƒeƒgƒ‰‘ε’ΓD‹“s,520-0054,‘ε’Γs§βκ’–Ϊ‚P|‚P,077-527-6711,—Lΐ‰οΠƒzƒeƒ‹ƒeƒgƒ‰‚n‚Q,—·ΩEƒzƒeƒ‹‰c‹Ζ,H24/05/01
•‘q‰®@•ΚΩ,520-0502,‘ε’Γs“μ¬Ό‚P‚O‚X‚U|‚Q,077-596-0130,’†–μ@‘Χ—Y,ΘΥh‰c‹Ζ,H24/08/01
”ϊ”iΞ“Vh‚Μ‰Ζ–{‰Ζi’n‹…‚ ‚θ‚‚Ζ‚¤Ωj,520-0501,‘ε’Γs–k¬Ό‚X‚X‚V|‚P,077-596-0667,γ™@“N,—·ΩEƒzƒeƒ‹‰c‹Ζ,H24/08/01
‚¨‚Σ‚λ‚ƒ‚‚†‚…@ƒjƒ…[‚Ρ‚ν‚±ƒzƒeƒ‹,520-2152,‘ε’Γs—Φκ’–Ϊ‚X|‚P‚W,077-545-0101,ƒCƒƒVƒ^¤–”®‰οΠ,—·ΩEƒzƒeƒ‹‰c‹Ζ,H25/02/05
‘ε’Γs”δ—Η‚°‚ρ‚«‘Ί@h”‘“,520-0501,‘ε’Γs–k¬Ό‚P‚V‚U‚X|‚R,077-596-0710,‘ε’Γs,ΘΥh‰c‹Ζ,H25/06/06
ƒzƒeƒ‹@ƒAƒgƒ‰ƒ“ƒeƒBƒX@‘ε’Γ“X,520-2144,‘ε’Γs‘εµ’–Ϊ‚R‚Q‚V‚O|‚U,077-544-5371,”®‰οΠ‚a‚…‚“‚”@‚c‚…‚‚‰‚‡‚‚”@‚f‚’‚‚•‚,—·ΩEƒzƒeƒ‹‰c‹Ζ,H26/03/14
‚·‚Έ‚ί‚Μ‚¨‚β‚Η,520-0471,‘ε’Γs‹μΧμ’¬‚V,,H“c’J@–q’j,ΘΥh‰c‹Ζ,H26/09/29
—ΆRΙ@ƒQƒ“ƒƒN,520-0474,‘ε’Γs‹μ’¬‹’¬‚X‚V,077-599-2463,‹{›½@Ή”V,ΘΥh‰c‹Ζ,H27/03/19
”ϊ”iΞ”ΘΩ,520-0104,‘ε’Γs”δ‰b’κ’–Ϊ‚P‚S|‚V,,‘δ@ξ“ρ,ΘΥh‰c‹Ζ,H27/10/29
‰Ψi‚g‚`‚m‚`j,520-0047,‘ε’Γs•l‘ε’Γκ’–Ϊ‚Q|‚R@Ή—΄‰οΩ‚Q‚e,,“ϊ–{iΟέv”®‰οΠ,ΘΥh‰c‹Ζ,H27/11/16
‚aE‚aE‚c‚x‚k‚`‚m,520-0502,‘ε’Γs“μ¬Ό‚P‚O‚O,077-596-8382,ϋό–Ψ@’,—·ΩEƒzƒeƒ‹‰c‹Ζ,H28/09/20
‚b‚`‚k‚d‚m‚c‚`‚q@‚g‚n‚s‚d‚k,520-0055,‘ε’Γst“ϊ’¬‚P|‚R@ƒrƒGƒ‰‘ε’Γ,077-526-9080,”®‰οΠƒoƒ‹ƒjƒo[ƒrƒI[ƒKƒXƒg,ΘΥh‰c‹Ζ,H28/09/23
ƒ}ƒ‹ƒVƒF@‚Ζ@‚¨‘½•,520-0105,‘ε’Γs‰Ίγ–{l’–Ϊ‚P|‚P‚W,077-579-2238,‘ε’Ξ@κ”ό,ΘΥh‰c‹Ζ,H28/10/14
‚n‚”‚“‚•@‚r‚”‚‚”‚‰‚‚@‚g‚‚•‚“‚…,520-0052,‘ε’Γs’©“ϊ‚‹uκ’–Ϊ‚Q‚P|‚R,,‘ε“@‘ρl,ΘΥh‰c‹Ζ,H28/11/22
”’’σ‰‘,520-0502,‘ε’Γs“μ¬Ό‚P‚O‚X‚T|‚Q‚O,077-596-0056,΅δ@κY,—·ΩEƒzƒeƒ‹‰c‹Ζ,H28/12/16
‘ε’Γ’¬‰Ζ‚Μh@Ά,520-0046,‘ε’Γs’·“™O’–Ϊ‚R|‚R‚R,077-510-0005,”®‰οΠΞ–kέv,ΘΥh‰c‹Ζ,H29/03/31
‚s‚o’©“ϊ‚‹u,520-0052,‘ε’Γs’©“ϊ‚‹uκ’–Ϊ‚X|‚R‚W,,΄@η},ΘΥh‰c‹Ζ,H29/04/24
ƒXƒMƒG,520-0032,‘ε’ΓsΟ‰Ή›‚R|‚Q,077-523-2263,™]@­M,ΘΥh‰c‹Ζ,H29/06/20
ƒQƒXƒgƒnƒEƒX@‹Ξ,520-0846,‘ε’Γs•xm©‘δ‚S‚Q|‚Q‚V,,•½Ό@‹q,ΘΥh‰c‹Ζ,H29/06/27
‚b‚g‚`‚k‚d‚s@‚r‚h‚d‚k‚t,520-2134,‘ε’Γs£“cZ’–Ϊ‚U|‚R‚Q,077-543-4615,’†‘Ί@³•F,ΘΥh‰c‹Ζ,H29/07/31
‹—Ϊ—,520-0106,‘ε’Γs“‚θκ’–Ϊ‚W|‚T,,‰–μ@Γ,ΘΥh‰c‹Ζ,H29/08/14
‘Ϋ¶h,520-0812,‘ε’Γs–Ψ‰Ί’¬‚P‚V|‚P‚X,077-526-5586,β“ΰ@”ό—R‹I,ΘΥh‰c‹Ζ,H29/09/14
ƒGƒ‹ƒ~ƒiƒQƒCƒg‹’¬,520-0044,‘ε’Γs‹’¬“ρ’–Ϊ‚R|‚P‚S,077-526-5525,”®‰οΠƒGƒ‹ƒ~ƒiƒGƒXƒe[ƒg,—·ΩEƒzƒeƒ‹‰c‹Ζ,H30/01/29
—ι‰®,520-0046,‘ε’Γs’·“™“ρ’–Ϊ‚R|‚R‚U,,”®‰οΠ–Ψ‚Μ‰Ζκ–ε“X’JϋH–±“X,ΘΥh‰c‹Ζ,H30/03/29
δέ‰®,520-0046,‘ε’Γs’·“™“ρ’–Ϊ‚R|‚Q‚S,,”®‰οΠ–Ψ‚Μ‰Ζκ–ε“X’JϋH–±“X,ΘΥh‰c‹Ζ,H30/04/10
Ϋ‰®,520-0043,‘ε’Γs’†‰›κ’–Ϊ‚T|‚Q,,”®‰οΠ–Ψ‚Μ‰Ζκ–ε“X’JϋH–±“X,ΘΥh‰c‹Ζ,H30/04/10
βο‰®,520-0046,‘ε’Γs’·“™“ρ’–Ϊ‚W|‚Q‚T,,”®‰οΠ–Ψ‚Μ‰Ζκ–ε“X’JϋH–±“X,ΘΥh‰c‹Ζ,H30/04/20
®‰®,520-0043,‘ε’Γs’†‰›κ’–Ϊ‚Q|‚T,,”®‰οΠ–Ψ‚Μ‰Ζκ–ε“X’JϋH–±“X,ΘΥh‰c‹Ζ,H30/04/20
’ƒ‰®,520-0043,‘ε’Γs’†‰›κ’–Ϊ‚Q|‚R,,”®‰οΠ–Ψ‚Μ‰Ζκ–ε“X’JϋH–±“X,ΘΥh‰c‹Ζ,H30/04/27
‚k‚h‚k‚h@‚‚‚•‚“‚…,520-0067,‘ε’Γs“΅”φ‰’¬‚P‚Q|‚V,,—›@—,ΘΥh‰c‹Ζ,H30/06/07
‹ί]‰®,520-0043,‘ε’Γs’†‰›κ’–Ϊ‚Q|‚U,077-516-7475,”®‰οΠ–Ψ‚Μ‰Ζκ–ε“X’JϋH–±“X,ΘΥh‰c‹Ζ,H30/06/28
Ό‚Μ‰YƒLƒƒƒ“ƒvκ@‚έ‚Μ‚θ‚Μ‚¨“X,520-0513,‘ε’Γsrμ‚R‚X‚Q,077-592-0950,R‘Ί@ΐ,ΘΥh‰c‹Ζ,H30/07/02
ƒzƒeƒ‹@ƒ[ƒ^ƒX@‘ε’Γ“X,520-2144,‘ε’Γs‘εµ’–Ϊ‚P|‚P‚T,077-543-5353,”®‰οΠ‚a‚…‚“‚”@‚c‚…‚‚‰‚‡‚‚”@‚f‚’‚‚•‚,—·ΩEƒzƒeƒ‹‰c‹Ζ,H30/07/19
ƒzƒeƒ‹@ƒ‹ƒi@‘ε’Γ“X,520-2144,‘ε’Γs‘εµ’–Ϊ‚P|‚Q‚O,077-544-5511,”®‰οΠ‚a‚…‚“‚”@‚c‚…‚‚‰‚‡‚‚”@‚f‚’‚‚•‚,—·ΩEƒzƒeƒ‹‰c‹Ζ,H30/07/19
ƒWƒFƒCƒzƒbƒp[ƒY”ϊ”iΞƒQƒXƒgƒnƒEƒX,520-0503,‘ε’Γs–k”δ—Η‚X‚R‚P|‚P,077-596-1616,—Lΐ‰οΠƒWƒFƒCƒzƒbƒp[ƒY,—·ΩEƒzƒeƒ‹‰c‹Ζ,H30/08/06
‚g‚f@‚b‚‚‚™@‚g‚‚”‚…‚@‚m‚D‚S‚U,520-0043,‘ε’Γs’†‰›l’–Ϊ‚X”Τ‚U|‚Q†,,”®‰οΠƒnƒ“ƒhƒOƒ[ƒCƒ“ƒO,ΘΥh‰c‹Ζ,H30/08/06
—¬‰_―EΞ”Θ‹,520-0043,‘ε’Γs’†‰›“ρ’–Ϊ‚R|‚P‚T,,“ϊ–{iΟέv”®‰οΠ,ΘΥh‰c‹Ζ,H30/08/15
ΞR“ρ‚Μ–[,520-0832,‘ε’ΓsΎ’Γ’¬‚V|‚P‚R,,‚ν‚©‚Ώ‚ ‚Άƒƒ][ƒg”®‰οΠ,ΘΥh‰c‹Ζ,H30/10/09
‚l‚jƒOƒ‹[ƒv”ϊ”iΞ¤CƒZƒ“ƒ^[,520-0501,‘ε’Γs–k¬Ό‚P‚O‚Q‚Q|‚P‚O,077-596-0770,”®‰οΠƒXƒeƒbƒOƒo[ƒR[ƒ|ƒ[ƒVƒ‡ƒ“,—·ΩEƒzƒeƒ‹‰c‹Ζ,H30/10/29
ƒAƒpƒzƒeƒ‹q‚Ρ‚νΞ@£“c‰w‘Or,520-2144,‘ε’Γs‘εκ’–Ϊ‚P‚U|‚P,077-543-6111,ƒAƒpƒzƒeƒ‹”®‰οΠ,—·ΩEƒzƒeƒ‹‰c‹Ζ,H30/10/30
‹—φ@”ϊ”iΞ,520-0113,‘ε’Γsβ–{Z’–Ϊ‚Q‚O‚V‚U”Τ’n,,ƒAƒXƒ^[‘ΫY‹Ζƒ\ƒƒ…[ƒVƒ‡ƒ“”®‰οΠ,ΘΥh‰c‹Ζ,H31/02/18
Β–φ•lƒLƒƒƒ“ƒvκƒRƒe[ƒW,520-0512,‘ε’Γs‘ε•¨‚U‚T‚T”Τ’n‘Ό,077-592-1173,—Lΐ‰οΠ‹g³,ΘΥh‰c‹Ζ,H31/02/26
“―uΠ‚Ρ‚ν‚±ƒƒgƒ[ƒgƒZƒ“ƒ^[,520-0501,‘ε’Γs–k¬Ό‚P‚V‚X|‚P,077-596-0008,wZ–@l“―uΠ,—·ΩEƒzƒeƒ‹‰c‹Ζ,H31/04/03
‘ε’J‘εw@ΞΌƒLƒƒƒ“ƒpƒX@ƒZƒ~ƒi[ƒnƒEƒX,520-0101,‘ε’Γs—Y‹ΥO’–Ϊ‚R‚R|‚R,077-578-6600,wZ–@l^@‘ε’Jw‰€,—·ΩEƒzƒeƒ‹‰c‹Ζ,R01/06/06
—·Ω@‚o‚‚’‚”‚‚q‚‚“‚“‚,520-0064,‘ε’Γs’Η•’¬‚P‚R|‚P‚U,075-757-7389,”®‰οΠ‚o‚‚’‚”‚‚q‚‚“‚“‚,ΘΥh‰c‹Ζ,R01/06/17
ƒƒ“ƒ^ƒ‹ƒnƒEƒX‹μ,520-0477,‘ε’Γs‹μ–ΨΛϋ’¬‚R‚O‚T,,—Lΐ‰οΠ—D‹Z“dH,ΘΥh‰c‹Ζ,R01/07/01
‚v‚‰‚“‚@‚g‚`‚m‚`,520-0046,‘ε’Γs’·“™“ρ’–Ϊ‚Q|‚Q‚R,,“ϊ–{iΟέv”®‰οΠ,ΘΥh‰c‹Ζ,R01/09/12
‚Μh,520-0514,‘ε’Γs–ΨΛ‚P‚O‚X|‚X,,R–{@,ΘΥh‰c‹Ζ,R01/10/16
O•H“d‹@•H—F‰ο@ΞΌ‘‘,520-0513,‘ε’Γsrμ‚V‚T‚S|‚Q,077-592-2525,ƒƒ‹ƒRƒƒ][ƒgƒT[ƒrƒX”®‰οΠ,—·ΩEƒzƒeƒ‹‰c‹Ζ,R02/02/27
‚v‚…‚…‚‹‚‚™@‚g‚‚•‚“‚…@‚Ρ‚ν‚±‘ε’Γ,520-0043,‘ε’Γs’†‰›l’–Ϊ‚Q‚O‚V|‚Q,,•½δ@—²”n,ΘΥh‰c‹Ζ,R02/12/01
‚v‚…‚…‚‹‚‚™@‚g‚‚•‚“‚…@ƒVƒ‹ƒgƒNƒ[ƒe,520-0043,‘ε’Γs’†‰›O’–Ϊ‚S|‚P‚V,,•½δ@—²”n,ΘΥh‰c‹Ζ,R02/12/01
 ‰κ§—§”ϊ”iΞ‘†’ψκ,520-2142,‘ε’Γs‹Κ–μ‰Y‚U|‚P,077-545-2165, ‰κ§,ΘΥh‰c‹Ζ,R03/04/15
ƒGƒo[ƒOƒƒCƒY”ϊ”iΞ,520-0502,‘ε’Γs“μ¬Όά”½“c‚P‚Q‚S‚X|‚P@O‚U‚Q•M,,”®‰οΠƒGƒo[ƒOƒƒCƒY,ΘΥh‰c‹Ζ,R03/04/19
‚Ρ‚νΞ‚ ‚θ‚‚Ζ‚¤ƒnƒEƒX,520-0502,‘ε’Γs“μ¬Ό‚Q‚P‚W|‚P,,’†μ@M’j,ΘΥh‰c‹Ζ,R03/04/22
–²ΞΑ,520-0501,‘ε’Γs–k¬Ό‚P‚V‚S‚W|‚P‚T‚T,077-596-1802,Ίa“y’n•¨”®‰οΠ,ΘΥh‰c‹Ζ,R03/04/22
‚v‚…‚…‚‹‚‚™@‚g‚‚•‚“‚…@‚Ρ‚ν‚±‘ε’Γ,520-0043,‘ε’Γs’†‰›l’–Ϊ‚Q‚O‚V|‚Q,077-576-7847,‡“―‰οΠ‚Π‚η‚θ,ΘΥh‰c‹Ζ,R03/06/15
‚v‚…‚…‚‹‚‚™@‚g‚‚•‚“‚…@ƒVƒ‹ƒgƒNƒ[ƒe,520-0043,‘ε’Γs’†‰›O’–Ϊ‚S|‚P‚V,077-576-7847,‡“―‰οΠ‚Π‚η‚θ,ΘΥh‰c‹Ζ,R03/06/15
ƒAƒ‹ƒ”ƒBƒ‰‹ί]•‘q,520-0503,‘ε’Γs–k”δ—Η‚X‚W‚T|‚X,,–μϋ@k‰E,—·ΩEƒzƒeƒ‹‰c‹Ζ,R03/09/10
‚Ρ‚νΞ@Ό‚Μ‰Y•Κ“@,520-0513,‘ε’Γsrμ‚V‚P‚P|‚P,077-592-2727,”®‰οΠ–Ψ‚ΰ‚κ‚Ρ,—·ΩEƒzƒeƒ‹‰c‹Ζ,R04/03/30
‚`‚e‚t‚l‚h@‚j‚h‚s‚`‚j‚n‚l‚`‚s‚r‚ti‘ε–εj,520-0501,‘ε’Γs–k¬Ό‚X‚X‚V|‚P,077-535-9215,”®‰οΠƒXƒ[ƒGƒ€,—·ΩEƒzƒeƒ‹‰c‹Ζ,R04/07/11
‚`‚e‚t‚l‚h@‚j‚h‚s‚`‚j‚n‚l‚`‚s‚r‚ti”~ƒmlj,520-0501,‘ε’Γs–k¬Ό‚X‚X‚V|‚P,077-535-9215,”®‰οΠƒXƒ[ƒGƒ€,—·ΩEƒzƒeƒ‹‰c‹Ζ,R04/07/11
’ί•‘E”ϊ”iΞ,520-0528,‘ε’Γsaη‚ι‚R‚U‚R|‚R‚O,,η—z”®‰οΠ,ΘΥh‰c‹Ζ,R04/12/20
‚o‚k‚`‚s‚h‚m‚t‚l@‚q‚…‚“‚‚’‚”,520-0502,‘ε’Γs“μ¬Ό‚P‚O‚X‚T|‚U‚O,077-535-5842,—Lΐ‰οΠƒ}ƒI“dH,ΘΥh‰c‹Ζ,R05/01/13
‚h‚y‚`@‚‚•‚‚‰‚‚‚‰‚‹‚@“β‚‚‚‡‚‰,520-0502,‘ε’Γs“μ¬Ό‚P‚O‚S‚S|‚S‚V,,”®‰οΠ‚k‚c‚jƒvƒƒWƒFƒNƒg,ΘΥh‰c‹Ζ,R05/02/16
‚h‚y‚`@‚‚•‚‚‰‚‚‚‰‚‹‚@”g‚‚‚‚‰,520-0502,‘ε’Γs“μ¬Ό‚P‚O‚S‚S|‚S‚W,,”®‰οΠ‚k‚c‚jƒvƒƒWƒFƒNƒg,ΘΥh‰c‹Ζ,R05/02/16
‚a‚r‚bƒEƒH[ƒ^[ƒXƒ|[ƒcƒZƒ“ƒ^[,520-0588,‘ε’Γs“μ‘DH‚S|‚P,077-592-0127,”®‰οΠƒr[ƒGƒXƒV[EƒCƒ“ƒ^[ƒiƒVƒ‡ƒiƒ‹,ΘΥh‰c‹Ζ,R05/03/31
ƒQƒXƒgƒnƒEƒX@‘ε’Γ“μ ‰κ,520-0011,‘ε’Γs“μu‰κ“ρ’–Ϊ‚S|‚R‚S,077-572-3720,”®‰οΠ‚b‚r—Ά,ΘΥh‰c‹Ζ,R05/05/02
‚Π‚³‚Μ‚β,520-0502,‘ε’Γs“μ¬Ό‚P‚O‚X‚T|‚P,,δγ@‹v–Ύ,ΘΥh‰c‹Ζ,R05/05/02
΄Ξ‰‘,520-0502,‘ε’Γs“μ¬Ό‚P‚O‚X‚U|‚P,077-596-0503,΅δ@΄,ΘΥh‰c‹Ζ,R05/05/02
‚«‚­‚Μ‰Ζ,520-0502,‘ε’Γs“μ¬Ό‚P‚O‚X‚T,077-576-0349,’†@›,ΘΥh‰c‹Ζ,R05/06/20
‚©‚ΰ‚µ‚©‹μX‚ΜƒLƒƒƒ“ƒvκ,520-0475,‘ε’Γs‹μ–V‘Ί’¬‚P‚X‚R,,”®‰οΠ‚©‚ΰ‚µ‚©ƒƒ][ƒg,ΘΥh‰c‹Ζ,R05/08/24
